INSERT INTO `navigation` (`id`, `name`, `url`, `sequence`, `parentId`, `createdTime`, `updateTime`, `type`, `isOpen`, `isNewWin`) VALUES (2,'课程','course/explore',1,0,1429260383,1435901541,'top',1,0),(6,'移动端','/mobile',12,0,1429778181,1435901541,'top',1,0),(7,'小组','/group',11,0,1429778228,1435901541,'top',1,0),(8,'资讯','/article',6,0,1429778251,1435901541,'top',1,0),(11,'全部资讯','/article',7,8,1432211413,1435901541,'top',1,0),(12,'EduSoho','/article/category/news',8,8,1432211455,1435901541,'top',1,0),(14,'全部课程','course/explore',2,2,1432256445,1435901541,'top',1,0),(15,'产品介绍','course/explore/intro',3,2,1432256750,1435901541,'top',1,0),(17,'行业资讯','/article/category/news',9,8,1432288695,1435901541,'top',1,0),(18,'默认分类','/article/category/default',10,8,1432288716,1435901541,'top',1,0),(19,'使用帮助','course/explore/fuction',4,2,1432525802,1435901541,'top',1,0),(24,'关于我们','/page/aboutus',13,0,1434016879,1435901541,'top',1,0),(25,'班级','/classroom/explore',5,0,1435899571,1435901541,'top',1,0);
INSERT INTO `notification` (`id`, `userId`, `type`, `content`, `createdTime`, `isRead`) VALUES (1,1,'default','{\"message\":\"\\u60a8\\u7684\\u8bdd\\u9898<a href=\'http:\\/\\/mooc.test.edusoho.cn\\/group\\/1\\/thread\\/1\' target=\'_blank\'><strong>\\u201c\\u5c0f\\u7ec4\\u7ba1\\u7406\\u201d<\\/strong><\\/a>\\u88ab\\u5173\\u95ed\\u3002\"}',1432206138,0),(2,1,'default','{\"message\":\"\\u60a8\\u7684\\u8bdd\\u9898<a href=\'http:\\/\\/mooc.test.edusoho.cn\\/group\\/1\\/thread\\/1\' target=\'_blank\'><strong>\\u201c\\u5982\\u4f55\\u7ba1\\u7406\\u5c0f\\u7ec4\\uff1f\\u201d<\\/strong><\\/a>\\u88ab\\u7ba1\\u7406\\u5458\\u7f16\\u8f91\\u3002<a href=\'http:\\/\\/mooc.test.edusoho.cn\\/group\\/1\\/thread\\/1\' target=\'_blank\'>\\u70b9\\u51fb\\u67e5\\u770b<\\/a>\"}',1432206238,0),(3,1,'default','{\"message\":\"\\u60a8\\u7684\\u8bdd\\u9898<a href=\'http:\\/\\/mooc.test.edusoho.cn\\/group\\/1\\/thread\\/1\' target=\'_blank\'><strong>\\u201c\\u5982\\u4f55\\u7ba1\\u7406\\u5c0f\\u7ec4\\uff1f\\u201d<\\/strong><\\/a>\\u88ab\\u6253\\u5f00\\u3002\"}',1432206251,0),(4,1,'default','{\"message\":\"\\u60a8\\u7684\\u8bdd\\u9898<a href=\'http:\\/\\/mooc.test.edusoho.cn\\/group\\/1\\/thread\\/1\' target=\'_blank\'><strong>\\u201c\\u5982\\u4f55\\u7ba1\\u7406\\u5c0f\\u7ec4\\uff08\\u540e\\u53f0\\uff09\\uff1f\\u201d<\\/strong><\\/a>\\u88ab\\u7ba1\\u7406\\u5458\\u7f16\\u8f91\\u3002<a href=\'http:\\/\\/mooc.test.edusoho.cn\\/group\\/1\\/thread\\/1\' target=\'_blank\'>\\u70b9\\u51fb\\u67e5\\u770b<\\/a>\"}',1432206589,0),(5,1,'default','{\"message\":\"\\u60a8\\u7684\\u8bdd\\u9898<a href=\'http:\\/\\/mooc.test.edusoho.cn\\/group\\/1\\/thread\\/1\' target=\'_blank\'><strong>\\u201c\\u5982\\u4f55\\u7ba1\\u7406\\u5c0f\\u7ec4\\uff08\\u540e\\u53f0\\uff09\\uff1f\\u201d<\\/strong><\\/a>\\u88ab\\u7ba1\\u7406\\u5458\\u7f16\\u8f91\\u3002<a href=\'http:\\/\\/mooc.test.edusoho.cn\\/group\\/1\\/thread\\/1\' target=\'_blank\'>\\u70b9\\u51fb\\u67e5\\u770b<\\/a>\"}',1432208790,0),(6,1,'default','{\"message\":\"\\u60a8\\u7684\\u8bdd\\u9898<a href=\'http:\\/\\/mooc.test.edusoho.cn\\/group\\/1\\/thread\\/2\' target=\'_blank\'><strong>\\u201c\\u5982\\u4f55\\u7ba1\\u7406\\u5c0f\\u7ec4\\uff08\\u524d\\u53f0\\uff09\\uff1f\\u201d<\\/strong><\\/a>\\u88ab\\u7ba1\\u7406\\u5458\\u7f16\\u8f91\\u3002<a href=\'http:\\/\\/mooc.test.edusoho.cn\\/group\\/1\\/thread\\/2\' target=\'_blank\'>\\u70b9\\u51fb\\u67e5\\u770b<\\/a>\"}',1432209064,0),(7,1,'default','{\"message\":\"\\u60a8\\u7684\\u8bdd\\u9898<a href=\'http:\\/\\/mooc.test.edusoho.cn\\/group\\/1\\/thread\\/1\' target=\'_blank\'><strong>\\u201c\\u5982\\u4f55\\u7ba1\\u7406\\u5c0f\\u7ec4\\uff08\\u540e\\u53f0\\uff09\\uff1f\\u201d<\\/strong><\\/a>\\u88ab\\u7ba1\\u7406\\u5458\\u7f16\\u8f91\\u3002<a href=\'http:\\/\\/mooc.test.edusoho.cn\\/group\\/1\\/thread\\/1\' target=\'_blank\'>\\u70b9\\u51fb\\u67e5\\u770b<\\/a>\"}',1432209230,0),(8,1,'default','{\"message\":\"\\u60a8\\u7684\\u8bdd\\u9898<a href=\'http:\\/\\/mooc.test.edusoho.cn\\/group\\/1\\/thread\\/1\' target=\'_blank\'><strong>\\u201c\\u5982\\u4f55\\u7ba1\\u7406\\u5c0f\\u7ec4\\uff08\\u540e\\u53f0\\uff09\\uff1f\\u201d<\\/strong><\\/a>\\u88ab\\u7f6e\\u9876\\u3002\"}',1432209251,0),(9,1,'default','{\"message\":\"\\u60a8\\u7684\\u8bdd\\u9898<a href=\'http:\\/\\/mooc.test.edusoho.cn\\/group\\/1\\/thread\\/1\' target=\'_blank\'><strong>\\u201c\\u5982\\u4f55\\u7ba1\\u7406\\u5c0f\\u7ec4\\uff08\\u540e\\u53f0\\uff09\\uff1f\\u201d<\\/strong><\\/a>\\u88ab\\u8bbe\\u4e3a\\u7cbe\\u534e\\u3002\"}',1432209255,0),(10,1,'default','{\"message\":\"\\u60a8\\u7684\\u8bdd\\u9898<a href=\'http:\\/\\/mooc.test.edusoho.cn\\/group\\/1\\/thread\\/2\' target=\'_blank\'><strong>\\u201c\\u5982\\u4f55\\u7ba1\\u7406\\u5c0f\\u7ec4\\uff08\\u524d\\u53f0\\uff09\\uff1f\\u201d<\\/strong><\\/a>\\u88ab\\u8bbe\\u4e3a\\u7cbe\\u534e\\u3002\"}',1432209263,0),(11,1,'default','{\"message\":\"\\u60a8\\u7684\\u8bdd\\u9898<a href=\'http:\\/\\/mooc.test.edusoho.cn\\/group\\/1\\/thread\\/2\' target=\'_blank\'><strong>\\u201c\\u5982\\u4f55\\u7ba1\\u7406\\u5c0f\\u7ec4\\uff08\\u524d\\u53f0\\uff09\\uff1f\\u201d<\\/strong><\\/a>\\u88ab\\u7f6e\\u9876\\u3002\"}',1432209267,0),(12,4,'default','{\"message\":\"\\u60a8\\u88ab\\u201cadmin\\u201d\\u8bbe\\u7f6e\\u4e3a\\u201c\\u5b66\\u5458\\u3001\\u6559\\u5e08\\u201d\\u8eab\\u4efd\\u3002\"}',1432281070,0),(13,5,'default','{\"message\":\"\\u60a8\\u88ab\\u201cadmin\\u201d\\u8bbe\\u7f6e\\u4e3a\\u201c\\u5b66\\u5458\\u3001\\u6559\\u5e08\\u201d\\u8eab\\u4efd\\u3002\"}',1432282543,0),(14,6,'default','{\"message\":\"\\u60a8\\u88ab\\u201cadmin\\u201d\\u8bbe\\u7f6e\\u4e3a\\u201c\\u5b66\\u5458\\u3001\\u6559\\u5e08\\u201d\\u8eab\\u4efd\\u3002\"}',1432603367,0),(15,5,'default','{\"message\":\"\\u7528\\u6237<a href=\'http:\\/\\/mooc.test.edusoho.cn\\/user\\/9\' target=\'_blank\'>Canuo<\\/a>\\u5df2\\u7ecf\\u5173\\u6ce8\\u4e86\\u4f60\\uff01\"}',1433229237,0),(16,1,'thread','{\"threadId\":\"4\",\"threadUserId\":\"9\",\"threadUserNickname\":\"Canuo\",\"threadTitle\":\"\\u4e3a\\u4ec0\\u4e48\\u770b\\u89c6\\u9891\\u4f1a\\u5361\\uff1f\",\"threadType\":\"question\",\"courseId\":\"6\",\"courseTitle\":\"EduSoho\\u6155\\u8bfe\\u7248\\u4ecb\\u7ecd\"}',1433229565,0),(17,1,'questionRemind','{\"courseTitle\":\"EduSoho\\u6155\\u8bfe\\u7248\\u4ecb\\u7ecd\",\"courseId\":\"6\",\"threadId\":\"4\",\"questionTitle\":\"\\u4e3a\\u4ec0\\u4e48\\u770b\\u89c6\\u9891\\u4f1a\\u5361\\uff1f\"}',1433992149,0),(18,1,'group-thread','{\"id\":\"1\",\"threadId\":\"13\",\"title\":\"\\u8bfe\\u7a0b\\u4e2d\\u53ef\\u4ee5\\u5bfc\\u5165\\u54ea\\u4e9b\\u7b2c\\u4e09\\u65b9\\u7ad9\\u70b9\\u89c6\\u9891\\uff1f\",\"type\":\"modify\"}',1434010121,0),(19,2,'user-follow','{\"userId\":\"1\",\"userName\":\"admin\",\"opration\":\"follow\"}',1434020230,0),(20,1,'group-thread','{\"id\":\"1\",\"threadId\":\"18\",\"title\":\"\\u89c6\\u9891\\u4e0a\\u4f20\\u4e0d\\u4e86\\u6216\\u8005\\u89c6\\u9891\\u8fc7\\u5927\\u4e0d\\u80fd\\u4e0a\\u4f20\",\"type\":\"modify\"}',1434593965,0),(21,10,'classroom-student','{\"classroomId\":\"4\",\"classroomTitle\":\"EduSoho\\u4ea7\\u54c1\\u4ecb\\u7ecd\",\"userId\":\"5\",\"userName\":\"Jason\",\"type\":\"create\"}',1435654717,0),(22,11,'classroom-student','{\"classroomId\":\"4\",\"classroomTitle\":\"EduSoho\\u4ea7\\u54c1\\u4ecb\\u7ecd\",\"userId\":\"5\",\"userName\":\"Jason\",\"type\":\"create\"}',1435654733,0),(23,7,'classroom-student','{\"classroomId\":\"4\",\"classroomTitle\":\"EduSoho\\u4ea7\\u54c1\\u4ecb\\u7ecd\",\"userId\":\"5\",\"userName\":\"Jason\",\"type\":\"create\"}',1435654749,0),(24,12,'classroom-student','{\"classroomId\":\"4\",\"classroomTitle\":\"EduSoho\\u4ea7\\u54c1\\u4ecb\\u7ecd\",\"userId\":\"5\",\"userName\":\"Jason\",\"type\":\"create\"}',1435654760,0),(25,2,'group-thread','{\"id\":\"1\",\"threadId\":\"20\",\"title\":\"\\u5982\\u4f55\\u63a5\\u5165QQ\\u3001\\u5fae\\u535a\\u7b49\\u7b2c\\u4e09\\u65b9\\u767b\\u5f55\\uff1f\",\"type\":\"modify\"}',1435821190,0),(26,2,'group-thread','{\"id\":\"1\",\"threadId\":\"20\",\"title\":\"\\u5982\\u4f55\\u63a5\\u5165QQ\\u3001\\u5fae\\u535a\\u7b49\\u7b2c\\u4e09\\u65b9\\u767b\\u5f55\\uff1f\",\"type\":\"modify\"}',1435821216,0),(27,2,'group-thread','{\"id\":\"1\",\"threadId\":\"20\",\"title\":\"\\u5982\\u4f55\\u63a5\\u5165QQ\\u3001\\u5fae\\u535a\\u7b49\\u7b2c\\u4e09\\u65b9\\u767b\\u5f55\\uff1f\",\"type\":\"modify\"}',1435821720,0),(28,2,'group-thread','{\"id\":\"1\",\"threadId\":\"20\",\"title\":\"\\u5982\\u4f55\\u63a5\\u5165QQ\\u3001\\u5fae\\u535a\\u7b49\\u7b2c\\u4e09\\u65b9\\u767b\\u5f55\\uff1f\",\"type\":\"modify\"}',1435893156,0);
INSERT INTO `order_log` (`id`, `orderId`, `type`, `message`, `data`, `userId`, `ip`, `createdTime`) VALUES (1,1,'created','创建订单','[]',5,'183.128.152.168',1429777004),(2,1,'pay_success','付款成功','{\"sn\":\"C2015042316164497262\",\"status\":\"success\",\"amount\":\"0.00\",\"paidTime\":1429777004}',5,'183.128.152.168',1429777004),(3,2,'created','创建订单','[]',5,'183.128.152.168',1429777039),(4,2,'pay_success','付款成功','{\"sn\":\"C2015042316171980876\",\"status\":\"success\",\"amount\":\"0.00\",\"paidTime\":1429777039}',5,'183.128.152.168',1429777039),(5,3,'created','创建订单','[]',5,'183.128.152.168',1429777096),(6,3,'pay_success','付款成功','{\"sn\":\"C2015042316181619280\",\"status\":\"success\",\"amount\":\"0.00\",\"paidTime\":1429777096}',5,'183.128.152.168',1429777096),(7,4,'created','创建订单','[]',6,'125.120.12.6',1429777121),(8,4,'pay_success','付款成功','{\"sn\":\"C2015042316184121352\",\"status\":\"success\",\"amount\":\"0.00\",\"paidTime\":1429777121}',6,'125.120.12.6',1429777121),(9,5,'created','创建订单','[]',5,'183.128.152.168',1429777133),(10,5,'pay_success','付款成功','{\"sn\":\"C2015042316185338870\",\"status\":\"success\",\"amount\":\"0.00\",\"paidTime\":1429777133}',5,'183.128.152.168',1429777133),(11,6,'created','创建订单','[]',4,'183.128.152.168',1429777179),(12,6,'pay_success','付款成功','{\"sn\":\"C2015042316193964347\",\"status\":\"success\",\"amount\":\"0.00\",\"paidTime\":1429777179}',4,'183.128.152.168',1429777179),(13,7,'created','创建订单','[]',4,'183.128.152.168',1429777202),(14,7,'pay_success','付款成功','{\"sn\":\"C2015042316200253616\",\"status\":\"success\",\"amount\":\"0.00\",\"paidTime\":1429777202}',4,'183.128.152.168',1429777202),(15,8,'created','创建订单','[]',6,'125.120.12.6',1429777213),(16,8,'pay_success','付款成功','{\"sn\":\"C2015042316201361139\",\"status\":\"success\",\"amount\":\"0.00\",\"paidTime\":1429777213}',6,'125.120.12.6',1429777213),(17,9,'created','创建订单','[]',4,'183.128.152.168',1429777258),(18,9,'pay_success','付款成功','{\"sn\":\"C2015042316205847018\",\"status\":\"success\",\"amount\":\"0.00\",\"paidTime\":1429777258}',4,'183.128.152.168',1429777258),(19,10,'created','创建订单','[]',6,'125.120.12.6',1429777317),(20,10,'pay_success','付款成功','{\"sn\":\"C2015042316215799095\",\"status\":\"success\",\"amount\":\"0.00\",\"paidTime\":1429777317}',6,'125.120.12.6',1429777317),(21,11,'created','创建订单','[]',6,'125.120.12.6',1429777373),(22,11,'pay_success','付款成功','{\"sn\":\"C2015042316225358724\",\"status\":\"success\",\"amount\":\"0.00\",\"paidTime\":1429777373}',6,'125.120.12.6',1429777373),(23,12,'created','创建订单','[]',7,'125.120.12.6',1429777441),(24,12,'pay_success','付款成功','{\"sn\":\"C2015042316240156928\",\"status\":\"success\",\"amount\":\"0.00\",\"paidTime\":1429777441}',7,'125.120.12.6',1429777441),(25,13,'created','创建订单','[]',7,'125.120.12.6',1429777453),(26,13,'pay_success','付款成功','{\"sn\":\"C2015042316241350307\",\"status\":\"success\",\"amount\":\"0.00\",\"paidTime\":1429777453}',7,'125.120.12.6',1429777453),(27,14,'created','创建订单','[]',7,'125.120.12.6',1429777476),(28,14,'pay_success','付款成功','{\"sn\":\"C2015042316243636574\",\"status\":\"success\",\"amount\":\"0.00\",\"paidTime\":1429777476}',7,'125.120.12.6',1429777476),(29,15,'created','创建订单','[]',7,'125.120.12.6',1429777495),(30,15,'pay_success','付款成功','{\"sn\":\"C2015042316245514544\",\"status\":\"success\",\"amount\":\"0.00\",\"paidTime\":1429777495}',7,'125.120.12.6',1429777495),(31,16,'created','创建订单','[]',8,'125.120.12.6',1429777535),(32,16,'pay_success','付款成功','{\"sn\":\"C2015042316253576607\",\"status\":\"success\",\"amount\":\"0.00\",\"paidTime\":1429777535}',8,'125.120.12.6',1429777535),(33,17,'created','创建订单','[]',8,'125.120.12.6',1429777549),(34,17,'pay_success','付款成功','{\"sn\":\"C2015042316254971716\",\"status\":\"success\",\"amount\":\"0.00\",\"paidTime\":1429777549}',8,'125.120.12.6',1429777549),(35,18,'created','创建订单','[]',8,'125.120.12.6',1429777569),(36,18,'pay_success','付款成功','{\"sn\":\"C2015042316260998736\",\"status\":\"success\",\"amount\":\"0.00\",\"paidTime\":1429777569}',8,'125.120.12.6',1429777569),(37,19,'created','创建订单','[]',8,'125.120.12.6',1429777585),(38,19,'pay_success','付款成功','{\"sn\":\"C2015042316262573358\",\"status\":\"success\",\"amount\":\"0.00\",\"paidTime\":1429777585}',8,'125.120.12.6',1429777585),(39,20,'created','创建订单','[]',9,'125.120.12.6',1429777618),(40,20,'pay_success','付款成功','{\"sn\":\"C2015042316265883653\",\"status\":\"success\",\"amount\":\"0.00\",\"paidTime\":1429777618}',9,'125.120.12.6',1429777618),(41,21,'created','创建订单','[]',9,'125.120.12.6',1429777630),(42,21,'pay_success','付款成功','{\"sn\":\"C2015042316271044547\",\"status\":\"success\",\"amount\":\"0.00\",\"paidTime\":1429777630}',9,'125.120.12.6',1429777630),(43,22,'created','创建订单','[]',9,'125.120.12.6',1429777644),(44,22,'pay_success','付款成功','{\"sn\":\"C2015042316272467905\",\"status\":\"success\",\"amount\":\"0.00\",\"paidTime\":1429777644}',9,'125.120.12.6',1429777644),(45,23,'created','创建订单','[]',9,'125.120.12.6',1429777656),(46,23,'pay_success','付款成功','{\"sn\":\"C2015042316273665063\",\"status\":\"success\",\"amount\":\"0.00\",\"paidTime\":1429777656}',9,'125.120.12.6',1429777656),(47,24,'created','创建订单','[]',10,'125.120.12.6',1429777688),(48,24,'pay_success','付款成功','{\"sn\":\"C2015042316280881302\",\"status\":\"success\",\"amount\":\"0.00\",\"paidTime\":1429777688}',10,'125.120.12.6',1429777688),(49,25,'created','创建订单','[]',10,'125.120.12.6',1429777702),(50,25,'pay_success','付款成功','{\"sn\":\"C2015042316282219001\",\"status\":\"success\",\"amount\":\"0.00\",\"paidTime\":1429777702}',10,'125.120.12.6',1429777702),(51,26,'created','创建订单','[]',10,'125.120.12.6',1429777714),(52,26,'pay_success','付款成功','{\"sn\":\"C2015042316283453748\",\"status\":\"success\",\"amount\":\"0.00\",\"paidTime\":1429777714}',10,'125.120.12.6',1429777714),(53,27,'created','创建订单','[]',10,'125.120.12.6',1429777723),(54,27,'pay_success','付款成功','{\"sn\":\"C2015042316284341975\",\"status\":\"success\",\"amount\":\"0.00\",\"paidTime\":1429777723}',10,'125.120.12.6',1429777723),(55,28,'created','创建订单','[]',11,'125.120.12.6',1429777749),(56,28,'pay_success','付款成功','{\"sn\":\"C2015042316290994071\",\"status\":\"success\",\"amount\":\"0.00\",\"paidTime\":1429777749}',11,'125.120.12.6',1429777749),(57,29,'created','创建订单','[]',11,'125.120.12.6',1429777765),(58,29,'pay_success','付款成功','{\"sn\":\"C2015042316292567150\",\"status\":\"success\",\"amount\":\"0.00\",\"paidTime\":1429777765}',11,'125.120.12.6',1429777765),(59,30,'created','创建订单','[]',11,'125.120.12.6',1429777775),(60,30,'pay_success','付款成功','{\"sn\":\"C2015042316293538502\",\"status\":\"success\",\"amount\":\"0.00\",\"paidTime\":1429777775}',11,'125.120.12.6',1429777775),(61,31,'created','创建订单','[]',11,'125.120.12.6',1429777789),(62,31,'pay_success','付款成功','{\"sn\":\"C2015042316294926397\",\"status\":\"success\",\"amount\":\"0.00\",\"paidTime\":1429777789}',11,'125.120.12.6',1429777789),(63,32,'created','创建订单','[]',12,'125.120.12.6',1429777869),(64,32,'pay_success','付款成功','{\"sn\":\"C2015042316310917932\",\"status\":\"success\",\"amount\":\"0.00\",\"paidTime\":1429777869}',12,'125.120.12.6',1429777869),(65,33,'created','创建订单','[]',12,'125.120.12.6',1429777884),(66,33,'pay_success','付款成功','{\"sn\":\"C2015042316312492669\",\"status\":\"success\",\"amount\":\"0.00\",\"paidTime\":1429777884}',12,'125.120.12.6',1429777884),(67,34,'created','创建订单','[]',12,'125.120.12.6',1429777898),(68,34,'pay_success','付款成功','{\"sn\":\"C2015042316313863658\",\"status\":\"success\",\"amount\":\"0.00\",\"paidTime\":1429777898}',12,'125.120.12.6',1429777898),(69,35,'created','创建订单','[]',12,'125.120.12.6',1429777911),(70,35,'pay_success','付款成功','{\"sn\":\"C2015042316315153850\",\"status\":\"success\",\"amount\":\"0.00\",\"paidTime\":1429777911}',12,'125.120.12.6',1429777911),(71,36,'created','创建订单','[]',9,'122.234.165.131',1433228834),(72,36,'pay_success','付款成功','{\"sn\":\"C2015060215071459979\",\"status\":\"success\",\"amount\":\"0.00\",\"paidTime\":1433228834}',9,'122.234.165.131',1433228834),(73,37,'created','创建订单','[]',8,'122.234.165.131',1433229186),(74,37,'pay_success','付款成功','{\"sn\":\"C2015060215130615072\",\"status\":\"success\",\"amount\":\"0.00\",\"paidTime\":1433229186}',8,'122.234.165.131',1433229186),(75,38,'created','创建订单','[]',9,'122.234.165.131',1433229264),(76,38,'pay_success','付款成功','{\"sn\":\"C2015060215142466287\",\"status\":\"success\",\"amount\":\"0.00\",\"paidTime\":1433229264}',9,'122.234.165.131',1433229264),(77,39,'created','创建订单','[]',9,'122.234.165.131',1433229735),(78,39,'pay_success','付款成功','{\"sn\":\"C2015060215221591051\",\"status\":\"success\",\"amount\":\"0.00\",\"paidTime\":1433229735}',9,'122.234.165.131',1433229735),(79,40,'created','创建订单','[]',11,'122.234.165.131',1433230136),(80,40,'pay_success','付款成功','{\"sn\":\"C2015060215285650658\",\"status\":\"success\",\"amount\":\"0.00\",\"paidTime\":1433230136}',11,'122.234.165.131',1433230136),(81,41,'created','创建订单','[]',11,'122.234.165.131',1433230155),(82,41,'pay_success','付款成功','{\"sn\":\"C2015060215291598582\",\"status\":\"success\",\"amount\":\"0.00\",\"paidTime\":1433230155}',11,'122.234.165.131',1433230155),(83,42,'created','创建订单','[]',11,'122.234.165.131',1433230158),(84,42,'pay_success','付款成功','{\"sn\":\"C2015060215291871881\",\"status\":\"success\",\"amount\":\"0.00\",\"paidTime\":1433230158}',11,'122.234.165.131',1433230158),(85,43,'created','创建订单','[]',11,'122.234.165.131',1433230161),(86,43,'pay_success','付款成功','{\"sn\":\"C2015060215292135429\",\"status\":\"success\",\"amount\":\"0.00\",\"paidTime\":1433230161}',11,'122.234.165.131',1433230161),(87,44,'created','创建订单','[]',5,'115.199.253.134',1433991421),(88,44,'pay_success','付款成功','{\"sn\":\"C2015061110570175312\",\"status\":\"success\",\"amount\":\"0.00\",\"paidTime\":1433991421}',5,'115.199.253.134',1433991421),(89,45,'created','创建订单','[]',5,'125.120.209.3',1435647435),(90,45,'pay_success','付款成功','{\"sn\":\"C2015063014571523528\",\"status\":\"success\",\"amount\":\"0.00\",\"paidTime\":1435647435}',5,'125.120.209.3',1435647435),(91,46,'created','创建订单','[]',5,'125.120.209.3',1435654717),(92,46,'pay_success','付款成功','{\"sn\":\"CR2015063016583766313\",\"status\":\"success\",\"amount\":\"0.00\",\"paidTime\":1435654717}',5,'125.120.209.3',1435654717),(93,47,'created','创建订单','[]',5,'125.120.209.3',1435654733),(94,47,'pay_success','付款成功','{\"sn\":\"CR2015063016585376778\",\"status\":\"success\",\"amount\":\"0.00\",\"paidTime\":1435654733}',5,'125.120.209.3',1435654733),(95,48,'created','创建订单','[]',5,'125.120.209.3',1435654748),(96,48,'pay_success','付款成功','{\"sn\":\"CR2015063016590827956\",\"status\":\"success\",\"amount\":\"0.00\",\"paidTime\":1435654748}',5,'125.120.209.3',1435654748),(97,49,'created','创建订单','[]',5,'125.120.209.3',1435654759),(98,49,'pay_success','付款成功','{\"sn\":\"CR2015063016591966296\",\"status\":\"success\",\"amount\":\"0.00\",\"paidTime\":1435654760}',5,'125.120.209.3',1435654760);
INSERT INTO `orders` (`id`, `sn`, `status`, `title`, `targetType`, `targetId`, `amount`, `totalPrice`, `isGift`, `giftTo`, `discountId`, `discount`, `refundId`, `userId`, `coupon`, `couponDiscount`, `payment`, `coinAmount`, `coinRate`, `priceType`, `bank`, `paidTime`, `cashSn`, `note`, `data`, `createdTime`) VALUES (1,'C2015042316164497262','paid','购买课程《开启网校之路》','course',4,0.00,0.00,0,'',0,10.00,0,5,'',0.00,'none',0.00,1.00,'RMB','',1429777004,NULL,'',NULL,1429777004),(2,'C2015042316171980876','paid','购买课程《课程发布指南》','course',1,0.00,0.00,0,'',0,10.00,0,5,'',0.00,'none',0.00,1.00,'RMB','',1429777039,NULL,'',NULL,1429777039),(3,'C2015042316181619280','paid','购买课程《学员在网校》','course',2,0.00,0.00,0,'',0,10.00,0,5,'',0.00,'none',0.00,1.00,'RMB','',1429777096,NULL,'',NULL,1429777096),(4,'C2015042316184121352','paid','购买课程《开启网校之路》','course',4,0.00,0.00,0,'',0,10.00,0,6,'',0.00,'none',0.00,1.00,'RMB','',1429777121,NULL,'',NULL,1429777121),(5,'C2015042316185338870','paid','购买课程《EduSoho教育云服务介绍》','course',3,0.00,0.00,0,'',0,10.00,0,5,'',0.00,'none',0.00,1.00,'RMB','',1429777133,NULL,'',NULL,1429777133),(6,'C2015042316193964347','paid','购买课程《开启网校之路》','course',4,0.00,0.00,0,'',0,10.00,0,4,'',0.00,'none',0.00,1.00,'RMB','',1429777179,NULL,'',NULL,1429777179),(7,'C2015042316200253616','paid','购买课程《课程发布指南》','course',1,0.00,0.00,0,'',0,10.00,0,4,'',0.00,'none',0.00,1.00,'RMB','',1429777202,NULL,'',NULL,1429777202),(8,'C2015042316201361139','paid','购买课程《EduSoho教育云服务介绍》','course',3,0.00,0.00,0,'',0,10.00,0,6,'',0.00,'none',0.00,1.00,'RMB','',1429777213,NULL,'',NULL,1429777213),(9,'C2015042316205847018','paid','购买课程《学员在网校》','course',2,0.00,0.00,0,'',0,10.00,0,4,'',0.00,'none',0.00,1.00,'RMB','',1429777258,NULL,'',NULL,1429777258),(10,'C2015042316215799095','paid','购买课程《学员在网校》','course',2,0.00,0.00,0,'',0,10.00,0,6,'',0.00,'none',0.00,1.00,'RMB','',1429777317,NULL,'',NULL,1429777317),(11,'C2015042316225358724','paid','购买课程《课程发布指南》','course',1,0.00,0.00,0,'',0,10.00,0,6,'',0.00,'none',0.00,1.00,'RMB','',1429777373,NULL,'',NULL,1429777373),(12,'C2015042316240156928','paid','购买课程《开启网校之路》','course',4,0.00,0.00,0,'',0,10.00,0,7,'',0.00,'none',0.00,1.00,'RMB','',1429777441,NULL,'',NULL,1429777441),(13,'C2015042316241350307','paid','购买课程《EduSoho教育云服务介绍》','course',3,0.00,0.00,0,'',0,10.00,0,7,'',0.00,'none',0.00,1.00,'RMB','',1429777453,NULL,'',NULL,1429777453),(14,'C2015042316243636574','paid','购买课程《学员在网校》','course',2,0.00,0.00,0,'',0,10.00,0,7,'',0.00,'none',0.00,1.00,'RMB','',1429777476,NULL,'',NULL,1429777476),(15,'C2015042316245514544','paid','购买课程《课程发布指南》','course',1,0.00,0.00,0,'',0,10.00,0,7,'',0.00,'none',0.00,1.00,'RMB','',1429777495,NULL,'',NULL,1429777495),(16,'C2015042316253576607','paid','购买课程《开启网校之路》','course',4,0.00,0.00,0,'',0,10.00,0,8,'',0.00,'none',0.00,1.00,'RMB','',1429777535,NULL,'',NULL,1429777535),(17,'C2015042316254971716','paid','购买课程《EduSoho教育云服务介绍》','course',3,0.00,0.00,0,'',0,10.00,0,8,'',0.00,'none',0.00,1.00,'RMB','',1429777549,NULL,'',NULL,1429777549),(18,'C2015042316260998736','paid','购买课程《学员在网校》','course',2,0.00,0.00,0,'',0,10.00,0,8,'',0.00,'none',0.00,1.00,'RMB','',1429777569,NULL,'',NULL,1429777569),(19,'C2015042316262573358','paid','购买课程《课程发布指南》','course',1,0.00,0.00,0,'',0,10.00,0,8,'',0.00,'none',0.00,1.00,'RMB','',1429777585,NULL,'',NULL,1429777585),(20,'C2015042316265883653','paid','购买课程《开启网校之路》','course',4,0.00,0.00,0,'',0,10.00,0,9,'',0.00,'none',0.00,1.00,'RMB','',1429777618,NULL,'',NULL,1429777618),(21,'C2015042316271044547','paid','购买课程《EduSoho教育云服务介绍》','course',3,0.00,0.00,0,'',0,10.00,0,9,'',0.00,'none',0.00,1.00,'RMB','',1429777630,NULL,'',NULL,1429777630),(22,'C2015042316272467905','paid','购买课程《学员在网校》','course',2,0.00,0.00,0,'',0,10.00,0,9,'',0.00,'none',0.00,1.00,'RMB','',1429777644,NULL,'',NULL,1429777644),(23,'C2015042316273665063','paid','购买课程《课程发布指南》','course',1,0.00,0.00,0,'',0,10.00,0,9,'',0.00,'none',0.00,1.00,'RMB','',1429777656,NULL,'',NULL,1429777656),(24,'C2015042316280881302','paid','购买课程《开启网校之路》','course',4,0.00,0.00,0,'',0,10.00,0,10,'',0.00,'none',0.00,1.00,'RMB','',1429777688,NULL,'',NULL,1429777688),(25,'C2015042316282219001','paid','购买课程《EduSoho教育云服务介绍》','course',3,0.00,0.00,0,'',0,10.00,0,10,'',0.00,'none',0.00,1.00,'RMB','',1429777702,NULL,'',NULL,1429777702),(26,'C2015042316283453748','paid','购买课程《学员在网校》','course',2,0.00,0.00,0,'',0,10.00,0,10,'',0.00,'none',0.00,1.00,'RMB','',1429777714,NULL,'',NULL,1429777714),(27,'C2015042316284341975','paid','购买课程《课程发布指南》','course',1,0.00,0.00,0,'',0,10.00,0,10,'',0.00,'none',0.00,1.00,'RMB','',1429777723,NULL,'',NULL,1429777723),(28,'C2015042316290994071','paid','购买课程《课程发布指南》','course',1,0.00,0.00,0,'',0,10.00,0,11,'',0.00,'none',0.00,1.00,'RMB','',1429777749,NULL,'',NULL,1429777749),(29,'C2015042316292567150','paid','购买课程《开启网校之路》','course',4,0.00,0.00,0,'',0,10.00,0,11,'',0.00,'none',0.00,1.00,'RMB','',1429777765,NULL,'',NULL,1429777765),(30,'C2015042316293538502','paid','购买课程《EduSoho教育云服务介绍》','course',3,0.00,0.00,0,'',0,10.00,0,11,'',0.00,'none',0.00,1.00,'RMB','',1429777775,NULL,'',NULL,1429777775),(31,'C2015042316294926397','paid','购买课程《学员在网校》','course',2,0.00,0.00,0,'',0,10.00,0,11,'',0.00,'none',0.00,1.00,'RMB','',1429777789,NULL,'',NULL,1429777789),(32,'C2015042316310917932','paid','购买课程《开启网校之路》','course',4,0.00,0.00,0,'',0,10.00,0,12,'',0.00,'none',0.00,1.00,'RMB','',1429777869,NULL,'',NULL,1429777869),(33,'C2015042316312492669','paid','购买课程《EduSoho教育云服务介绍》','course',3,0.00,0.00,0,'',0,10.00,0,12,'',0.00,'none',0.00,1.00,'RMB','',1429777884,NULL,'',NULL,1429777884),(34,'C2015042316313863658','paid','购买课程《学员在网校》','course',2,0.00,0.00,0,'',0,10.00,0,12,'',0.00,'none',0.00,1.00,'RMB','',1429777898,NULL,'',NULL,1429777898),(35,'C2015042316315153850','paid','购买课程《课程发布指南》','course',1,0.00,0.00,0,'',0,10.00,0,12,'',0.00,'none',0.00,1.00,'RMB','',1429777911,NULL,'',NULL,1429777911),(36,'C2015060215071459979','paid','购买课程《EduSoho慕课版介绍》','course',6,0.00,0.00,0,'',0,10.00,0,9,'',0.00,'none',0.00,1.00,'RMB','',1433228834,NULL,'',NULL,1433228834),(37,'C2015060215130615072','paid','购买课程《EduSoho慕课版介绍》','course',6,0.00,0.00,0,'',0,10.00,0,8,'',0.00,'none',0.00,1.00,'RMB','',1433229186,NULL,'',NULL,1433229186),(38,'C2015060215142466287','paid','购买课程《ES特色功能--班级》','course',12,0.00,0.00,0,'',0,10.00,0,9,'',0.00,'none',0.00,1.00,'RMB','',1433229264,NULL,'',NULL,1433229264),(39,'C2015060215221591051','paid','购买课程《E周在线教育》','course',11,0.00,0.00,0,'',0,10.00,0,9,'',0.00,'none',0.00,1.00,'RMB','',1433229735,NULL,'',NULL,1433229735),(40,'C2015060215285650658','paid','购买课程《玩转EduSoho网校系统》','course',10,0.00,0.00,0,'',0,10.00,0,11,'',0.00,'none',0.00,1.00,'RMB','',1433230136,NULL,'',NULL,1433230136),(41,'C2015060215291598582','paid','购买课程《翻转课堂教学法》','course',9,0.00,0.00,0,'',0,10.00,0,11,'',0.00,'none',0.00,1.00,'RMB','',1433230155,NULL,'',NULL,1433230155),(42,'C2015060215291871881','paid','购买课程《网校运营指南》','course',8,0.00,0.00,0,'',0,10.00,0,11,'',0.00,'none',0.00,1.00,'RMB','',1433230158,NULL,'',NULL,1433230158),(43,'C2015060215292135429','paid','购买课程《如何推广网校？》','course',7,0.00,0.00,0,'',0,10.00,0,11,'',0.00,'none',0.00,1.00,'RMB','',1433230161,NULL,'',NULL,1433230161),(44,'C2015061110570175312','paid','购买课程《开启网校之路》','course',4,0.00,0.00,0,'',0,10.00,0,5,'',0.00,'none',0.00,1.00,'RMB','',1433991421,NULL,'',NULL,1433991421),(45,'C2015063014571523528','paid','购买课程《EduSoho产品特色》','course',6,0.00,0.00,0,'',0,10.00,0,5,'',0.00,'none',0.00,1.00,'RMB','',1435647435,NULL,'',NULL,1435647435),(46,'CR2015063016583766313','paid','购买班级《EduSoho产品介绍》(管理员添加)','classroom',4,0.00,0.00,0,'',0,10.00,0,10,'',0.00,'none',0.00,1.00,'RMB','',1435654717,NULL,'',NULL,1435654717),(47,'CR2015063016585376778','paid','购买班级《EduSoho产品介绍》(管理员添加)','classroom',4,0.00,0.00,0,'',0,10.00,0,11,'',0.00,'none',0.00,1.00,'RMB','',1435654733,NULL,'',NULL,1435654733),(48,'CR2015063016590827956','paid','购买班级《EduSoho产品介绍》(管理员添加)','classroom',4,0.00,0.00,0,'',0,10.00,0,7,'',0.00,'none',0.00,1.00,'RMB','',1435654748,NULL,'',NULL,1435654748),(49,'CR2015063016591966296','paid','购买班级《EduSoho产品介绍》(管理员添加)','classroom',4,0.00,0.00,0,'',0,10.00,0,12,'',0.00,'none',0.00,1.00,'RMB','',1435654760,NULL,'',NULL,1435654759);
INSERT INTO `setting` (`id`, `name`, `value`) VALUES (7,'refund','a:4:{s:13:\"maxRefundDays\";i:10;s:17:\"applyNotification\";s:118:\"您好，您退款的课程为{{course}}，管理员已收到您的退款申请，请耐心等待退款审核结果。\";s:19:\"successNotification\";s:87:\"您好，您申请退款课程{{course}} 审核通过，将为您退款{{amount}}元。\";s:18:\"failedNotification\";s:98:\"您好，您申请退款课程{{course}} 审核未通过，请与管理员再协商解决纠纷。\";}'),(15,'user_partner','a:4:{s:4:\"mode\";s:7:\"default\";s:16:\"nickname_enabled\";s:1:\"1\";s:12:\"avatar_alert\";s:4:\"none\";s:12:\"email_filter\";s:0:\"\";}'),(19,'mailer','a:7:{s:7:\"enabled\";s:1:\"1\";s:4:\"host\";s:18:\"smtp.exmail.qq.com\";s:4:\"port\";s:2:\"25\";s:8:\"username\";s:19:\"qiqiuyu@edusoho.com\";s:8:\"password\";s:14:\"edusohosky1004\";s:4:\"from\";s:19:\"qiqiuyu@edusoho.com\";s:4:\"name\";s:19:\"EduSoho网络课堂\";}'),(37,'theme','a:7:{s:4:\"name\";s:10:\"mooc主题\";s:6:\"author\";s:13:\"EduSoho官方\";s:7:\"version\";s:3:\"1.1\";s:15:\"supprot_version\";s:5:\"4.8.0\";s:4:\"date\";s:10:\"2014-12-05\";s:5:\"thumb\";s:13:\"img/theme.jpg\";s:3:\"uri\";s:4:\"mooc\";}'),(61,'menu_hiddens','a:0:{}'),(68,'payment','a:8:{s:7:\"enabled\";s:1:\"1\";s:16:\"disabled_message\";s:48:\"尚未开启支付模块，无法购买课程。\";s:14:\"alipay_enabled\";s:1:\"0\";s:11:\"alipay_type\";s:6:\"direct\";s:10:\"alipay_key\";s:0:\"\";s:13:\"alipay_secret\";s:0:\"\";s:14:\"alipay_account\";s:0:\"\";s:19:\"close_trade_enabled\";s:1:\"0\";}'),(86,'group','a:2:{s:10:\"group_show\";s:1:\"1\";s:16:\"threadTime_range\";s:2:\"30\";}'),(138,'storage','a:6:{s:11:\"upload_mode\";s:5:\"local\";s:16:\"cloud_access_key\";s:32:\"SNRx4tq5E4apDPGOGTsJSe1PjP4OXQkQ\";s:16:\"cloud_secret_key\";s:32:\"EbnIFNOkRZJvPqkvjMfc0g1k6684WsUB\";s:16:\"cloud_api_server\";s:22:\"http://api.edusoho.net\";s:12:\"cloud_bucket\";s:0:\"\";s:17:\"cloud_key_applied\";i:1;}'),(239,'classroom','a:3:{s:7:\"enabled\";s:1:\"1\";s:4:\"name\";s:6:\"班级\";s:12:\"discount_buy\";s:1:\"1\";}'),(264,'article','a:2:{s:4:\"name\";s:12:\"资讯频道\";s:8:\"pageNums\";s:2:\"10\";}'),(580,'esBar','a:1:{s:7:\"enabled\";s:1:\"1\";}'),(583,'auth','a:16:{s:13:\"register_mode\";s:6:\"closed\";s:19:\"register_protective\";s:4:\"none\";s:13:\"email_enabled\";s:6:\"closed\";s:12:\"setting_time\";i:1429778710;s:22:\"email_activation_title\";s:33:\"请激活您的{{sitename}}账号\";s:21:\"email_activation_body\";s:380:\"Hi, {{nickname}}\r\n\r\n欢迎加入{{sitename}}!\r\n\r\n请点击下面的链接完成注册：\r\n\r\n{{verifyurl}}\r\n\r\n如果以上链接无法点击，请将上面的地址复制到你的浏览器(如IE)的地址栏中打开，该链接地址24小时内打开有效。\r\n\r\n感谢对{{sitename}}的支持！\r\n\r\n{{sitename}} {{siteurl}}\r\n\r\n(这是一封自动产生的email，请勿回复。)\";s:12:\"registerSort\";a:1:{i:0;s:5:\"email\";}s:22:\"registerFieldNameArray\";a:7:{i:0;s:5:\"email\";i:4;s:8:\"truename\";i:5;s:6:\"mobile\";i:6;s:6:\"idcard\";i:7;s:6:\"gender\";i:8;s:3:\"job\";i:9;s:7:\"company\";}s:15:\"welcome_enabled\";s:6:\"opened\";s:14:\"welcome_sender\";s:5:\"admin\";s:13:\"welcome_title\";s:24:\"欢迎加入{{sitename}}\";s:12:\"welcome_body\";s:138:\"您好{{nickname}}，我是{{sitename}}的管理员，欢迎加入{{sitename}}，祝您学习愉快。如有问题，随时与我联系。\";s:10:\"user_terms\";s:6:\"closed\";s:15:\"user_terms_body\";s:0:\"\";s:15:\"welcome_methods\";a:0:{}s:15:\"captcha_enabled\";i:0;}'),(584,'cloud_sms','a:0:{}'),(598,'crontab_next_executed_time','i:1439513231;'),(617,'course_default','a:2:{s:12:\"chapter_name\";s:3:\"章\";s:9:\"part_name\";s:3:\"节\";}'),(618,'default','a:3:{s:9:\"user_name\";s:6:\"学员\";s:12:\"chapter_name\";s:3:\"章\";s:9:\"part_name\";s:3:\"节\";}'),(630,'course','a:18:{s:23:\"welcome_message_enabled\";s:1:\"1\";s:20:\"welcome_message_body\";s:41:\"{{nickname}},欢迎加入课程{{course}}\";s:20:\"teacher_modify_price\";s:1:\"1\";s:20:\"teacher_search_order\";s:1:\"1\";s:22:\"teacher_manage_student\";s:1:\"1\";s:22:\"teacher_export_student\";s:1:\"1\";s:22:\"student_download_media\";s:1:\"0\";s:23:\"explore_default_orderBy\";s:6:\"latest\";s:14:\"relatedCourses\";s:1:\"1\";s:21:\"allowAnonymousPreview\";s:1:\"1\";s:12:\"copy_enabled\";s:1:\"1\";s:24:\"show_student_num_enabled\";s:1:\"1\";s:12:\"chapter_name\";s:3:\"章\";s:9:\"part_name\";s:3:\"节\";s:14:\"userinfoFields\";a:0:{}s:22:\"userinfoFieldNameArray\";a:0:{}s:19:\"live_course_enabled\";s:1:\"1\";s:21:\"live_student_capacity\";i:0;}'),(631,'live-course','a:2:{s:19:\"live_course_enabled\";s:1:\"1\";s:21:\"live_student_capacity\";i:0;}'),(632,'questions','a:1:{s:27:\"testpaper_answers_show_mode\";s:9:\"submitted\";}'),(634,'site','a:13:{s:4:\"name\";s:19:\"EduSoho网络课堂\";s:6:\"slogan\";s:48:\"三分钟帮助您建设功能完备的网校！\";s:3:\"url\";s:0:\"\";s:4:\"logo\";s:46:\"files/system/2015/06-10/1419291db01f365270.png\";s:7:\"favicon\";s:0:\"\";s:12:\"seo_keywords\";s:70:\"EduSoho网络课堂，在线教育，在线教学，开源教学软件\";s:15:\"seo_description\";s:865:\"EduSoho是面向个人、学校、培训机构及企业用户的友好、开源、高性价比的在线教育建站系统。Edusoho提供在线教学、网校管理、云视频点播、直播、移APP等功能，为使教育机构能够以最低成本开展在线教学活动，EduSoho也提供云服务器，云视频、云直播和移动APP定制服务，并配备相应的技术支持服务，让客户搭建自有品牌网校和搭积木一样简单。EduSoho产品及服务大大降低了传统教育培训机构进入在线教育行业的门槛。与其他在线教育产品相比，EduSoho具有完整，高自由度，高性价比的产品体验，使用其搭建在线教学网站是快速进入在线教育的最佳选择方案。EduSoho开源并免费提供给非商业用途用户使用，用户可在3分钟内搭建功能完备的在线教育网站。\";s:12:\"master_email\";s:0:\"\";s:9:\"copyright\";s:0:\"\";s:3:\"icp\";s:0:\"\";s:9:\"analytics\";s:0:\"\";s:6:\"status\";s:4:\"open\";s:11:\"closed_note\";s:0:\"\";}'),(642,'operation_mobile','a:20:{s:12:\"bannerClick1\";s:1:\"1\";s:10:\"bannerUrl1\";s:23:\"http://www.qiqiuyu.com/\";s:21:\"bannerJumpToCourseId1\";s:1:\" \";s:7:\"banner1\";s:41:\"files/system/mobile_picture1441527296.png\";s:12:\"bannerClick2\";s:1:\"0\";s:10:\"bannerUrl2\";s:0:\"\";s:21:\"bannerJumpToCourseId2\";s:1:\" \";s:7:\"banner2\";s:0:\"\";s:12:\"bannerClick3\";s:1:\"0\";s:10:\"bannerUrl3\";s:0:\"\";s:21:\"bannerJumpToCourseId3\";s:1:\" \";s:7:\"banner3\";s:0:\"\";s:12:\"bannerClick4\";s:1:\"0\";s:10:\"bannerUrl4\";s:0:\"\";s:21:\"bannerJumpToCourseId4\";s:1:\" \";s:7:\"banner4\";s:0:\"\";s:12:\"bannerClick5\";s:1:\"0\";s:10:\"bannerUrl5\";s:0:\"\";s:21:\"bannerJumpToCourseId5\";s:1:\" \";s:7:\"banner5\";s:0:\"\";}'),(643,'operation_course_grids','a:1:{s:9:\"courseIds\";s:8:\"1,20,30,\";}'),(644,'mobile','a:30:{s:12:\"bannerClick1\";s:1:\"1\";s:10:\"bannerUrl1\";s:23:\"http://www.qiqiuyu.com/\";s:21:\"bannerJumpToCourseId1\";s:1:\" \";s:7:\"banner1\";s:41:\"files/system/mobile_picture1441527296.png\";s:12:\"bannerClick2\";s:1:\"0\";s:10:\"bannerUrl2\";s:0:\"\";s:21:\"bannerJumpToCourseId2\";s:1:\" \";s:7:\"banner2\";s:0:\"\";s:12:\"bannerClick3\";s:1:\"0\";s:10:\"bannerUrl3\";s:0:\"\";s:21:\"bannerJumpToCourseId3\";s:1:\" \";s:7:\"banner3\";s:0:\"\";s:12:\"bannerClick4\";s:1:\"0\";s:10:\"bannerUrl4\";s:0:\"\";s:21:\"bannerJumpToCourseId4\";s:1:\" \";s:7:\"banner4\";s:0:\"\";s:12:\"bannerClick5\";s:1:\"0\";s:10:\"bannerUrl5\";s:0:\"\";s:21:\"bannerJumpToCourseId5\";s:1:\" \";s:7:\"banner5\";s:0:\"\";s:7:\"enabled\";s:1:\"1\";s:5:\"about\";s:0:\"\";s:4:\"logo\";s:0:\"\";s:6:\"notice\";s:0:\"\";s:7:\"splash1\";s:0:\"\";s:7:\"splash2\";s:0:\"\";s:7:\"splash3\";s:0:\"\";s:7:\"splash4\";s:0:\"\";s:7:\"splash5\";s:0:\"\";s:9:\"courseIds\";s:8:\"1,20,30,\";}'),(646,'consult','a:8:{s:7:\"enabled\";s:1:\"1\";s:5:\"color\";s:7:\"default\";s:2:\"qq\";a:1:{i:0;a:2:{s:4:\"name\";s:0:\"\";s:6:\"number\";s:0:\"\";}}s:7:\"qqgroup\";a:3:{i:0;a:3:{s:4:\"name\";s:11:\"ES官方群\";s:6:\"number\";s:9:\"280645300\";s:3:\"url\";s:248:\"<a target=\"_blank\" href=\"http://shang.qq.com/wpa/qunwpa?idkey=e86512a1d632c8ae1ebd86e83c42b46aff090fdabaf7a2ef7b45ea9087d24489\"><img border=\"0\" src=\"http://pub.idqqimg.com/wpa/images/group.png\" alt=\"EduSoho官方4群\" title=\"EduSoho官方4群\"></a>\";}i:1;a:3:{s:4:\"name\";s:27:\"在线教育运营干货群\";s:6:\"number\";s:9:\"264786206\";s:3:\"url\";s:262:\"<a target=\"_blank\" href=\"http://shang.qq.com/wpa/qunwpa?idkey=b006f3a58225c4768d9943f9cb2c2f1247cc7c9b9b0b129f059714d995943791\"><img border=\"0\" src=\"http://pub.idqqimg.com/wpa/images/group.png\" alt=\"在线教育运营干货\" title=\"在线教育运营干货\"></a>\";}i:2;a:3:{s:4:\"name\";s:11:\"ES开发群\";s:6:\"number\";s:8:\"89120595\";s:3:\"url\";s:258:\"<a target=\"_blank\" href=\"http://shang.qq.com/wpa/qunwpa?idkey=2e60564ecc68ca7b80102d98d247428857d2bf7206e62610d91a8da51f81d283\"><img border=\"0\" src=\"http://pub.idqqimg.com/wpa/images/group.png\" alt=\"EduSoho云应用开发\" title=\"EduSoho云应用开发\"></a>\";}}s:8:\"worktime\";s:12:\"9:00 - 18:00\";s:5:\"phone\";a:3:{i:0;a:2:{s:4:\"name\";s:36:\"杭州阔知网络科技有限公司\";s:6:\"number\";s:13:\"0571-28022356\";}i:1;a:2:{s:4:\"name\";s:36:\"杭州阔知网络科技有限公司\";s:6:\"number\";s:13:\"0571-28022357\";}i:2;a:2:{s:4:\"name\";s:27:\"阔知网络北京分公司\";s:6:\"number\";s:11:\"18814881999\";}}s:10:\"webchatURI\";s:56:\"files/system/webchat.jpg?time=1441528386?time=1441528692\";s:5:\"email\";s:19:\"qiqiuyu@edusoho.com\";}'),(647,'_app_last_check','i:1442214188;'),(648,'developer','a:4:{s:5:\"debug\";i:0;s:11:\"app_api_url\";s:0:\"\";s:16:\"cloud_api_server\";s:22:\"http://api.edusoho.net\";s:13:\"hls_encrypted\";s:1:\"1\";}'),(649,'copyright','a:1:{s:5:\"owned\";i:1;}');
