INSERT INTO `classroom_member` (`id`, `classroomId`, `userId`, `orderId`, `levelId`, `noteNum`, `threadNum`, `locked`, `remark`, `role`, `createdTime`) VALUES (2,2,1,0,0,0,0,0,NULL,'|teacher|',1434535059),(3,3,1,0,0,0,0,0,NULL,'|teacher|',1434535145),(4,4,1,0,0,0,0,0,NULL,'|teacher|',1434535206),(6,4,5,0,0,0,0,0,'','|headTeacher|',1435652906),(7,4,10,46,0,0,0,0,'','|student|',1435654717),(8,4,11,47,0,0,0,0,'','|student|',1435654733),(9,4,7,48,0,0,0,0,'','|student|',1435654749),(10,4,12,49,0,0,0,0,'','|student|',1435654760);
INSERT INTO `classroom_review` (`id`, `userId`, `classroomId`, `title`, `content`, `rating`, `createdTime`) VALUES (1,5,4,'','希望你能学有所得！',5,1435654676),(2,7,4,'','该班级关于EduSoho的产品介绍很完善，是了解EduSoho的必学班。',5,1435654889);
INSERT INTO `cloud_app` (`id`, `name`, `code`, `type`, `description`, `icon`, `version`, `fromVersion`, `developerId`, `developerName`, `installedTime`, `updatedTime`) VALUES (1,'EduSoho主系统','MAIN','plugin','<p>EduSoho主系统</p>\r\n','MAIN/MAIN_icon.png','6.6.2','6.6.1',1,'EduSoho官方',1429266860,1442214260),(2,'mooc主题','mooc','theme','','','1.1','1.1',0,'未知',1432273408,1432273408);
INSERT INTO `content` (`id`, `title`, `editor`, `type`, `alias`, `summary`, `body`, `picture`, `template`, `status`, `categoryId`, `tagIds`, `hits`, `featured`, `promoted`, `sticky`, `userId`, `field1`, `field2`, `field3`, `field4`, `field5`, `field6`, `field7`, `field8`, `field9`, `field10`, `publishedTime`, `createdTime`) VALUES (1,'关于我们','richeditor','page','aboutus',NULL,'<p><img alt=\"\" src=\"/files/default/2015/06-11/1756524ac51a987008.jpg?6.0.2\" /></p>\r\n\r\n<p>&nbsp;</p>\r\n\r\n<p>杭州阔知网络科技有限公司是中国领先的在线教育基础服务提供商，专注于在线教育，截止2015年5月19日已有1万3千多家网校在使用edusoho搭建网校，目前<strong>网校数量行业第一，客户规模行业第一，中国首个开源网络课堂-EduSoho通用版。中国首个开源的慕课平台-edusoho慕课版。</strong></p>\r\n\r\n<p>&nbsp;</p>\r\n\r\n<p><strong>推出中国第一个教育行业专属教育云：</strong>云视频、云直播、云文档、云短信，独创TLP2.0安全技术，最高性价比方案（比其他云再省百分50成本），最高安全技术（万家网校0事故），最简集成（一键集成）。</p>\r\n\r\n<p>&nbsp;</p>\r\n\r\n<p>阔知网络成立于2012年5月，创始团队拥有海内外的教育和工作背景。公司坚持以创新为企业发展动力，以共赢共生为合作理念，为加速中国在线教育发展，创造全新教育方式做出贡献。</p>\r\n\r\n<p>&nbsp;</p>\r\n\r\n<p><strong>EduSoho官网：<u><a href=\"http://www.edusoho.com/\">http://www.edusoho.com/</a></u></strong></p>\r\n\r\n<p><strong>EduSoho网络课堂演示站：<u><a href=\"http://demo.edusoho.com/\">http://demo.edusoho.com/</a></u></strong></p>\r\n\r\n<p><strong>EduSoho网络课堂使用学习站（气球鱼学院）：<u><a href=\"http://www.qiqiuyu.com/\">http://www.qiqiuyu.com/</a></u></strong></p>\r\n','','default','published',0,NULL,0,0,0,0,1,NULL,NULL,NULL,NULL,NULL,NULL,NULL,NULL,NULL,NULL,1429260383,1429260383),(2,'帮助','richeditor','page','help',NULL,'<p>&nbsp;</p>\r\n\r\n<p><span style=\"font-size:18px\">EduSoho除了提供领先的在线教育平台产品，还从更多方面帮助用户做在线教育：</span></p>\r\n\r\n<p><strong>产品及服务介绍：</strong></p>\r\n\r\n<p><strong>&nbsp; &nbsp; EduSoho官网:<u><a href=\"http://www.edusoho.com/\">http://www.edusoho.com/</a></u></strong></p>\r\n\r\n<p><strong>课程制作及维护</strong></p>\r\n\r\n<p>&nbsp; &nbsp; 微课及慕课录制及制作，请与销售联系。</p>\r\n\r\n<p><strong>在线教育行业资讯</strong></p>\r\n\r\n<p><strong>&nbsp; <u>&nbsp;<a href=\"http://www.qiqiuyu.com/article/category/news\">&nbsp;http://www.qiqiuyu.com/article/category/news</a></u></strong></p>\r\n\r\n<p><strong>网校运营知识</strong></p>\r\n\r\n<p>&nbsp; &nbsp; 气球鱼学院网校运营课程:<strong><u><a href=\"http://www.qiqiuyu.com/course/explore/operation\">http://www.qiqiuyu.com/course/explore/operation</a></u></strong></p>\r\n\r\n<p><strong>系统二次开发与开发者</strong></p>\r\n\r\n<ul>\r\n	<li>EduSoho开放平台官网：<strong><u><a href=\"http://open.edusoho.com/\">http://open.edusoho.com/</a></u></strong></li>\r\n	<li>开发者社区：<a href=\"http://www.qiqiuyu.com/group/5\"><u><strong>http://www.qiqiuyu.com/group/5</strong></u></a></li>\r\n	<li>开发课程：<u><strong><a href=\"http://www.qiqiuyu.com/course/explore/developer\">http://www.qiqiuyu.com/course/explore/developer</a></strong></u></li>\r\n</ul>\r\n\r\n<div><strong>EduSoho使用</strong></div>\r\n\r\n<div>&nbsp; &nbsp; 气球鱼学院使用课程:<strong><a href=\"http://www.qiqiuyu.com/course/explore/developer\">http://www.qiqiuyu.com/course/explore/fuction</a></strong></div>\r\n\r\n<div><strong>EduSoho反馈社区</strong></div>\r\n\r\n<div><strong>&nbsp; &nbsp;&nbsp;</strong>给ES提建议小组:<strong><a href=\"http://www.qiqiuyu.com/course/explore/developer\">http://www.qiqiuyu.com/group/4</a></strong></div>\r\n\r\n<div>&nbsp;</div>\r\n\r\n<div>关注EduSoho微信，了解最新的产品及活动消息！</div>\r\n\r\n<p>&nbsp;</p>\r\n','','default','published',0,NULL,0,0,0,0,1,NULL,NULL,NULL,NULL,NULL,NULL,NULL,NULL,NULL,NULL,1429260383,1429260383);
INSERT INTO `course` (`id`, `title`, `subtitle`, `status`, `type`, `maxStudentNum`, `price`, `originPrice`, `coinPrice`, `originCoinPrice`, `expiryDay`, `showStudentNumType`, `serializeMode`, `income`, `lessonNum`, `giveCredit`, `rating`, `ratingNum`, `vipLevelId`, `categoryId`, `tags`, `smallPicture`, `middlePicture`, `largePicture`, `about`, `teacherIds`, `goals`, `audiences`, `recommended`, `recommendedSeq`, `recommendedTime`, `locationId`, `parentId`, `address`, `studentNum`, `hitNum`, `noteNum`, `userId`, `discountId`, `discount`, `deadlineNotify`, `daysOfNotifyBeforeDeadline`, `watchLimit`, `useInClassroom`, `singleBuy`, `createdTime`, `freeStartTime`, `freeEndTime`, `approval`, `locked`, `maxRate`) VALUES (1,'课程发布指南','如何创建和发布课程？如何使用题库？如何使用教学资料库？','published','normal',0,0.00,0.00,0.00,0.00,0,'opened','none',0.00,24,0,0,0,0,5,'|3|4|','public://default/2015/06-12/172500cecc44809373.jpg','public://default/2015/06-12/172500cebfdf004785.jpg','public://default/2015/06-12/172500ceb250316766.jpg','<p>本课程意在指导用户快速了解如何创建一个具有吸引力的课程，本课不仅介绍了功能的使用，更讲解了如何更好的使用这些功能和指导方法，相信是你熟悉课程创建步骤的最佳学习材料。</p>\n','|1|','|了解课程编辑相关功能|了解ES题库系统的使用|了解教学资料库的使用|能够为学员创造体验很好的课程|','|网校教师|',1,20,1434592982,0,0,'',9,127,0,1,0,10.00,'none',0,0,'single',1,1429267201,0,0,0,0,100),(2,'学员在网校','注册、登陆、设置、学习、交流','published','normal',0,0.00,0.00,0.00,0.00,0,'opened','none',0.00,10,0,0,0,0,6,'','public://default/2015/06-12/172635bdd4ca661701.jpg','public://default/2015/06-12/172635bdc41d559384.jpg','public://default/2015/06-12/172635bd8f08749848.jpg','<p>以学员身份学会如何使用EduSoho网络课堂中的各种功能</p>\n','|1|','|了解学员功能|','|网校学员|',1,50,1434593022,0,0,'',9,108,1,1,0,10.00,'none',0,0,'single',1,1429268481,0,0,0,0,100),(3,'EduSoho教育云服务介绍','什么是EduSoho教育云？','published','normal',0,0.00,0.00,0.00,0.00,0,'opened','none',0.00,7,0,0,0,0,3,'|5|','public://default/2015/06-12/17261467bf11465892.jpg','public://default/2015/06-12/17261467b24e105797.jpg','public://default/2015/06-12/172614677d9c704707.jpg','<p>    EduSoho教育云服务是基于EduSoho开放云平台，面向EduSoho用户提供的搭建网校相关的云服务。包括云主机、教育云视频、云直播、云应用等。</p>\n\n<p><span style=\"color:rgb(51,204,153);\"><strong>云主机：</strong></span></p>\n\n<p>EduSoho商业用户可以免费获赠云主机；</p>\n\n<p>主机性能可以随网校规模扩展升级。</p>\n\n<p><span style=\"color:rgb(51,204,153);\"><strong>云视频：</strong></span></p>\n\n<p>EduSoho云视频专为在线教育设计；</p>\n\n<p>有效保护教育机构课程视频版权。</p>\n\n<p><span style=\"color:rgb(51,204,153);\"><strong>云直播：</strong></span></p>\n\n<p>点开网页即可参与在线直播；</p>\n\n<p>在线视频、音频交流，PPT、文档在线分享。</p>\n\n<p><span style=\"color:rgb(51,204,153);\"><strong>云应用：</strong></span></p>\n\n<p>云集全国开发者，开发在线教育专属应用；</p>\n\n<p>后台一键下载安装，网校功能无限扩展。</p>\n\n<p><span style=\"color:rgb(51,204,153);\"><strong>云短信：</strong></span></p>\n\n<p>云集全国开发者，开发在线教育专属应用；</p>\n\n<p>后台一键下载安装，网校功能无限扩展。</p>\n','|1|','|了解什么是教育云|','|EduSoho用户|网校校长|',1,30,1434593011,0,0,'',8,137,0,1,0,10.00,'none',0,0,'single',1,1429268980,0,0,0,0,100),(4,'网校基本设置','如何登入管理后台？如何设置网站基本信息？','published','normal',0,0.00,0.00,0.00,0.00,0,'opened','none',0.00,10,0,0,0,0,4,'|2|','public://default/2015/09-06/154509564a61629860.jpg','public://default/2015/09-06/1545095625fe016373.jpg','public://default/2015/09-06/15450955fa84901402.jpg','<p>从购买网校系统到最终运营网校，一般会经历如下事项：</p>\n\n<p>一、域名备案</p>\n\n<p>二、EduSoho系统操作帮助</p>\n\n<p>三、备案成功后的域名解析工作</p>\n\n<p>本课程即详细讲解各个事项中需要注意的细节，为了让您快速上手EduSoho网校，避免各种各样的问题，请认真查看。</p>\n\n<p><strong>注意：</strong>域名备案周期一般需要20天，在此期间内EduSoho官方提供EduSoho.cn二级域名，用户在域名备案期间可使用EduSoho.cn二级域名登录自己的网校，添加课程和内容。</p>\n\n<p> </p>\n\n<p><strong>快速通道：</strong></p>\n\n<p>如您已购买EduSoho套餐，熟悉域名备案、解析相关事项，并且您的域名已备案，则从购买EduSoho套餐三日内，即可通过您的域名访问网校，向外运营网校。</p>\n\n<p> </p>\n\n<p>如有问题或建议，可直接在相应课时或课程讨论组提问，客服会在24小时内回复。</p>\n','|1|','|快速运营网校|避免可能的问题|了解EduSoho网校运营流程|','|ES初学者|',1,10,1434592975,0,0,'',9,198,1,1,0,10.00,'none',0,0,'single',1,1429269404,0,0,0,0,100),(5,'EduSoho教育云接入教程','','published','normal',0,0.00,0.00,0.00,0.00,0,'opened','none',0.00,3,0,0,0,0,3,'|5|','public://default/2015/06-16/11475281c015205819.jpg','public://default/2015/06-16/11475281b56c154806.jpg','public://default/2015/06-16/114752818d1a404689.jpg','<p>介绍教育云接入的流程及相关事项</p>\n','|1|','|熟悉接入教育云流程|','|开源版用户|',1,40,1434593017,0,0,'',0,36,0,1,0,10.00,'none',0,0,'single',1,1432179555,0,0,0,0,100),(6,'EduSoho产品特色','','published','normal',0,0.00,0.00,0.00,0.00,0,'opened','none',0.00,10,0,0,0,0,3,'','public://default/2015/06-17/092042a60c5a125789.jpg','public://default/2015/06-17/092042a600ba771668.jpg','public://default/2015/06-17/092042a515e0598509.jpg','','|1|','','|教师|管理员|校长|',1,70,1434593034,0,0,'',3,119,0,1,0,10.00,'none',0,0,'single',1,1432260324,0,0,0,0,100),(7,'EduSoho班级功能介绍','','published','normal',0,0.00,0.00,0.00,0.00,0,'opened','none',0.00,1,0,0,0,0,3,'','public://default/2015/06-17/0921586c1fce227635.jpg','public://default/2015/06-17/0921586c121f817021.jpg','public://default/2015/06-17/0921586ba011106428.jpg','<p>在进行直播授课或者录制课程之前，我们需要准备相关的硬件和软件。主要包括摄像设备、电脑、麦克风、录屏软件等。</p>\n\n<p>本课程针对不同的状况，推荐了数套方案。</p>\n','|1|','|了解进行直播或录播所需设备|','|校长|老师|',1,110,1434593056,0,0,'',1,35,0,1,0,10.00,'none',0,0,'single',1,1432887979,0,0,0,0,100),(8,'EduSoho定制开发','','published','normal',0,0.00,0.00,0.00,0.00,0,'opened','none',0.00,1,0,0,0,0,3,'','public://default/2015/06-16/115106a9477e035558.jpg','public://default/2015/06-16/115106a93d87374919.jpg','public://default/2015/06-16/115106a9103b432714.jpg','<p><strong>一、官方模版定制</strong></p>\n\n<p><strong>二、官方功能定制</strong></p>\n\n<p><strong>三、官方代码维护</strong></p>\n\n<p><strong>四、APP定制</strong></p>\n\n<p><strong>五、自主二次开发</strong></p>\n','|1|','|了解EduSoho定制开发服务|','|网校管理员|',1,100,1434593050,0,0,'',1,45,0,1,0,10.00,'none',0,0,'single',1,1432888238,0,0,0,0,100),(9,'EduSoho经典案例','','published','normal',0,0.00,0.00,0.00,0.00,0,'opened','none',0.00,1,0,0,0,0,3,'','public://default/2015/06-16/115127fd40a1905681.jpg','public://default/2015/06-16/115127fd3692165556.jpg','public://default/2015/06-16/115127fc9650061019.jpg','','|1|',NULL,NULL,1,90,1434593044,0,0,'',1,39,0,1,0,10.00,'none',0,0,'single',1,1432888289,0,0,0,0,100),(10,'EduSoho开源版和商业版的区别','本课程为示例课程！','published','normal',0,0.00,0.00,0.00,0.00,0,'opened','none',0.00,1,0,0,0,0,3,'','public://default/2015/06-16/115202246688965842.jpg','public://default/2015/06-16/115202245c2a453490.jpg','public://default/2015/06-16/115202242867769958.jpg','','|1|',NULL,NULL,1,80,1434593039,0,0,'',1,35,0,1,0,10.00,'none',0,0,'single',1,1432888692,0,0,0,0,100),(11,'EduSoho技术服务套餐','','published','normal',0,0.00,0.00,0.00,0.00,0,'opened','none',0.00,1,0,0,0,0,3,'','public://default/2015/06-16/115228cc2980998612.jpg','public://default/2015/06-16/115228cc1b1d934782.jpg','public://default/2015/06-16/115228cbe37a925237.jpg','<p>EduSoho全新直播节目：《E周在线教育》低调上线！<br />\n在线教育那么热，各种资讯那么多，你怎么看？ES官方怎么看？咱们每周聊一聊！<br />\nES新功能是什么？怎么用？看课程太累？直播来教你！</p>\n\n<p> </p>\n\n<p>每周二，来气球鱼的E周在线教育：<a href=\"http://www.qiqiuyu.com/course/426\" target=\"_blank\">http://www.qiqiuyu.com/course/426</a></p>\n\n<p> </p>\n','|1|','|了解在线教育圈内那些事儿|提高网校运营能力| 加深对在线教育理解|','|教育工作者|在线教育工作者|',1,120,1434593061,0,0,'',1,91,0,1,0,10.00,'none',0,0,'single',1,1432888820,0,0,0,0,100),(12,'网校运营指南','','published','normal',0,0.00,0.00,0.00,0.00,0,'opened','none',0.00,1,0,0,0,0,4,'','public://default/2015/06-17/1809553e94ba094780.jpg','public://default/2015/06-17/1809553e8965154774.jpg','public://default/2015/06-17/1809553dff2c393379.jpg','','|1|',NULL,NULL,1,60,1434593028,0,0,'',1,81,0,1,0,10.00,'none',0,0,'single',1,1432888980,0,0,0,0,100),(13,'视频上传不了或者视频过大不能上传','','closed','normal',0,0.00,0.00,0.00,0.00,0,'opened','none',0.00,1,0,0,0,0,2,'','public://default/2015/05-29/163518626554675382.jpg','public://default/2015/05-29/163518625788981698.jpg','public://default/2015/05-29/1635186228f1588381.jpg','','|1|','','',0,0,0,0,9,'',0,7,0,1,0,10.00,'none',0,0,'single',1,1434015826,0,0,0,0,100),(14,'怎么能让游客也可以预览网校的免费课时？','本课程为示例课程！','closed','normal',0,0.00,0.00,0.00,0.00,0,'opened','none',0.00,1,0,0,0,0,3,'','public://default/2015/05-29/16384776c9c5799600.jpg','public://default/2015/05-29/16384776bced159311.jpg','public://default/2015/05-29/163847766245344959.jpg','','|1|','','',0,0,0,0,10,'',0,0,0,1,0,10.00,'none',0,0,'single',1,1434015826,0,0,0,0,100),(15,'ES特色功能--班级','本课程为示例课程！','closed','normal',0,0.00,0.00,0.00,0.00,0,'opened','none',0.00,1,0,0,0,0,3,'','public://default/2015/06-02/14523753b268289153.jpg','public://default/2015/06-02/14523753a776241590.jpg','public://default/2015/06-02/14523753843e698918.jpg','','|1|','','',0,0,0,0,12,'',0,0,0,1,0,10.00,'none',0,0,'single',1,1434015826,0,0,0,0,100),(16,'课程发布指南','如何创建和发布课程？如何使用题库？如何使用教学资料库？','closed','normal',0,0.00,0.00,0.00,0.00,0,'opened','none',0.00,24,0,0,0,0,1,'|3|4|','public://default/2015/05-21/095527f7ad4f658142.jpg','public://default/2015/05-21/095527f76530491519.jpg','public://default/2015/05-21/095527f7479d646349.jpg','<p>本课程意在指导用户快速了解如何创建一个具有吸引力的课程，本课不仅介绍了功能的使用，更讲解了如何更好的使用这些功能和指导方法，相信是你熟悉课程创建步骤的最佳学习材料。</p>\n','|1|','|了解课程编辑相关功能|了解ES题库系统的使用|了解教学资料库的使用|能够为学员创造体验很好的课程|','|网校教师|',0,0,0,0,1,'',0,3,0,1,0,10.00,'none',0,0,'single',1,1434015840,0,0,0,0,100),(17,'学员在网校','注册、登陆、设置、学习、交流','closed','normal',0,0.00,0.00,0.00,0.00,0,'opened','none',0.00,10,0,0,0,0,1,'','public://default/2015/05-21/102154220e7b489424.jpg','public://default/2015/05-21/10215421f4b2348349.jpg','public://default/2015/05-21/10215421d609090185.jpg','<p>以学员身份学会如何使用EduSoho网络课堂中的各种功能</p>\n','|1|','|了解学员功能|','|网校学员|',0,0,0,0,2,'',0,0,0,1,0,10.00,'none',0,0,'single',1,1434015840,0,0,0,0,100),(18,'开启网校之路','如何登入管理后台？如何设置网站基本信息？','closed','normal',0,0.00,0.00,0.00,0.00,0,'opened','none',0.00,10,0,0,0,0,1,'|2|','public://default/2015/05-21/1027462309ef791029.jpg','public://default/2015/05-21/10274622d419386856.jpg','public://default/2015/05-21/102746228ebd740228.jpg','<p>从购买网校系统到最终运营网校，一般会经历如下事项：</p>\n\n<p>一、域名备案</p>\n\n<p>二、EduSoho系统操作帮助</p>\n\n<p>三、备案成功后的域名解析工作</p>\n\n<p>本课程即详细讲解各个事项中需要注意的细节，为了让您快速上手EduSoho网校，避免各种各样的问题，请认真查看。</p>\n\n<p><strong>注意：</strong>域名备案周期一般需要20天，在此期间内EduSoho官方提供EduSoho.cn二级域名，用户在域名备案期间可使用EduSoho.cn二级域名登录自己的网校，添加课程和内容。</p>\n\n<p> </p>\n\n<p><strong>快速通道：</strong></p>\n\n<p>如您已购买EduSoho套餐，熟悉域名备案、解析相关事项，并且您的域名已备案，则从购买EduSoho套餐三日内，即可通过您的域名访问网校，向外运营网校。</p>\n\n<p> </p>\n\n<p>如有问题或建议，可直接在相应课时或课程讨论组提问，客服会在24小时内回复。</p>\n','|1|','|快速运营网校|避免可能的问题|了解EduSoho网校运营流程|','|ES初学者|',0,0,0,0,4,'',0,2,0,1,0,10.00,'none',0,0,'single',1,1434015840,0,0,0,0,100),(19,'EduSoho教育云及私有云方案','','closed','normal',0,0.00,0.00,0.00,0.00,0,'opened','none',0.00,1,0,0,0,0,4,'','public://default/2015/06-16/11524917ddc6776806.jpg','public://default/2015/06-16/11524917ca52868040.jpg','public://default/2015/06-16/115249171cec615132.jpg','','|1|','','',0,0,0,0,12,'',0,0,0,1,0,10.00,'none',0,0,'single',1,1434535059,0,0,0,0,100),(20,'EduSoho教育云服务介绍','什么是EduSoho教育云？','published','normal',0,0.00,0.00,0.00,0.00,0,'opened','none',0.00,7,0,0,0,0,3,'|5|','public://default/2015/06-12/17261467bf11465892.jpg','public://default/2015/06-12/17261467b24e105797.jpg','public://default/2015/06-12/172614677d9c704707.jpg','<p>    EduSoho教育云服务是基于EduSoho开放云平台，面向EduSoho用户提供的搭建网校相关的云服务。包括云主机、教育云视频、云直播、云应用等。</p>\n\n<p><span style=\"color:rgb(51,204,153);\"><strong>云主机：</strong></span></p>\n\n<p>EduSoho商业用户可以免费获赠云主机；</p>\n\n<p>主机性能可以随网校规模扩展升级。</p>\n\n<p><span style=\"color:rgb(51,204,153);\"><strong>云视频：</strong></span></p>\n\n<p>EduSoho云视频专为在线教育设计；</p>\n\n<p>有效保护教育机构课程视频版权。</p>\n\n<p><span style=\"color:rgb(51,204,153);\"><strong>云直播：</strong></span></p>\n\n<p>点开网页即可参与在线直播；</p>\n\n<p>在线视频、音频交流，PPT、文档在线分享。</p>\n\n<p><span style=\"color:rgb(51,204,153);\"><strong>云应用：</strong></span></p>\n\n<p>云集全国开发者，开发在线教育专属应用；</p>\n\n<p>后台一键下载安装，网校功能无限扩展。</p>\n\n<p><span style=\"color:rgb(51,204,153);\"><strong>云短信：</strong></span></p>\n\n<p>云集全国开发者，开发在线教育专属应用；</p>\n\n<p>后台一键下载安装，网校功能无限扩展。</p>\n','|1|','|了解什么是教育云|','|EduSoho用户|网校校长|',0,0,0,0,3,'',0,2,0,1,0,10.00,'none',0,0,'single',1,1434535070,0,0,0,0,100),(21,'EduSoho教育云接入教程','','published','normal',0,0.00,0.00,0.00,0.00,0,'opened','none',0.00,3,0,0,0,0,3,'|5|','public://default/2015/06-16/11475281c015205819.jpg','public://default/2015/06-16/11475281b56c154806.jpg','public://default/2015/06-16/114752818d1a404689.jpg','<p>介绍教育云接入的流程及相关事项</p>\n','|1|','|熟悉接入教育云流程|','|开源版用户|',0,0,0,0,5,'',0,2,0,1,0,10.00,'none',0,0,'single',1,1434535070,0,0,0,0,100),(22,'网校基本设置','如何登入管理后台？如何设置网站基本信息？','published','normal',0,0.00,0.00,0.00,0.00,0,'opened','none',0.00,10,0,0,0,0,4,'|2|','public://default/2015/06-16/114942652b7d659082.jpg','public://default/2015/06-16/114942651c6f507022.jpg','public://default/2015/06-16/114942646b86261415.jpg','<p>从购买网校系统到最终运营网校，一般会经历如下事项：</p>\n\n<p>一、域名备案</p>\n\n<p>二、EduSoho系统操作帮助</p>\n\n<p>三、备案成功后的域名解析工作</p>\n\n<p>本课程即详细讲解各个事项中需要注意的细节，为了让您快速上手EduSoho网校，避免各种各样的问题，请认真查看。</p>\n\n<p><strong>注意：</strong>域名备案周期一般需要20天，在此期间内EduSoho官方提供EduSoho.cn二级域名，用户在域名备案期间可使用EduSoho.cn二级域名登录自己的网校，添加课程和内容。</p>\n\n<p> </p>\n\n<p><strong>快速通道：</strong></p>\n\n<p>如您已购买EduSoho套餐，熟悉域名备案、解析相关事项，并且您的域名已备案，则从购买EduSoho套餐三日内，即可通过您的域名访问网校，向外运营网校。</p>\n\n<p> </p>\n\n<p>如有问题或建议，可直接在相应课时或课程讨论组提问，客服会在24小时内回复。</p>\n','|1|','|快速运营网校|避免可能的问题|了解EduSoho网校运营流程|','|ES初学者|',0,0,0,0,4,'',0,0,0,1,0,10.00,'none',0,0,'single',1,1434535145,0,0,0,0,100),(23,'课程发布指南','如何创建和发布课程？如何使用题库？如何使用教学资料库？','published','normal',0,0.00,0.00,0.00,0.00,0,'opened','none',0.00,24,0,0,0,0,5,'|3|4|','public://default/2015/06-12/172500cecc44809373.jpg','public://default/2015/06-12/172500cebfdf004785.jpg','public://default/2015/06-12/172500ceb250316766.jpg','<p>本课程意在指导用户快速了解如何创建一个具有吸引力的课程，本课不仅介绍了功能的使用，更讲解了如何更好的使用这些功能和指导方法，相信是你熟悉课程创建步骤的最佳学习材料。</p>\n','|1|','|了解课程编辑相关功能|了解ES题库系统的使用|了解教学资料库的使用|能够为学员创造体验很好的课程|','|网校教师|',0,0,0,0,1,'',0,0,0,1,0,10.00,'none',0,0,'single',1,1434535150,0,0,0,0,100),(24,'EduSoho定制开发','','published','normal',0,0.00,0.00,0.00,0.00,0,'opened','none',0.00,1,0,0,0,0,2,'','public://default/2015/06-16/115106a9477e035558.jpg','public://default/2015/06-16/115106a93d87374919.jpg','public://default/2015/06-16/115106a9103b432714.jpg','<p><strong>一、官方模版定制</strong></p>\n\n<p><strong>二、官方功能定制</strong></p>\n\n<p><strong>三、官方代码维护</strong></p>\n\n<p><strong>四、APP定制</strong></p>\n\n<p><strong>五、自主二次开发</strong></p>\n','|1|','|了解EduSoho定制开发服务|','|网校管理员|',0,0,0,0,8,'',5,5,0,1,0,10.00,'none',0,0,'single',1,1434535206,0,0,0,0,100),(25,'EduSoho经典案例','','published','normal',0,0.00,0.00,0.00,0.00,0,'opened','none',0.00,1,0,0,0,0,4,'','public://default/2015/06-16/115127fd40a1905681.jpg','public://default/2015/06-16/115127fd3692165556.jpg','public://default/2015/06-16/115127fc9650061019.jpg','','|1|','','',0,0,0,0,9,'',4,3,0,1,0,10.00,'none',0,0,'single',1,1434535206,0,0,0,0,100),(26,'EduSoho开源版和商业版的区别','本课程为示例课程！','published','normal',0,0.00,0.00,0.00,0.00,0,'opened','none',0.00,1,0,0,0,0,4,'','public://default/2015/06-16/115202246688965842.jpg','public://default/2015/06-16/115202245c2a453490.jpg','public://default/2015/06-16/115202242867769958.jpg','','|1|','','',0,0,0,0,10,'',4,2,0,1,0,10.00,'none',0,0,'single',1,1434535206,0,0,0,0,100),(27,'EduSoho技术服务套餐','','published','normal',0,0.00,0.00,0.00,0.00,0,'opened','none',0.00,1,0,0,0,0,2,'','public://default/2015/06-16/115228cc2980998612.jpg','public://default/2015/06-16/115228cc1b1d934782.jpg','public://default/2015/06-16/115228cbe37a925237.jpg','<p>EduSoho全新直播节目：《E周在线教育》低调上线！<br />\n在线教育那么热，各种资讯那么多，你怎么看？ES官方怎么看？咱们每周聊一聊！<br />\nES新功能是什么？怎么用？看课程太累？直播来教你！</p>\n\n<p> </p>\n\n<p>每周二，来气球鱼的E周在线教育：<a href=\"http://www.qiqiuyu.com/course/426\" target=\"_blank\">http://www.qiqiuyu.com/course/426</a></p>\n\n<p> </p>\n','|1|','|了解在线教育圈内那些事儿|提高网校运营能力| 加深对在线教育理解|','|教育工作者|在线教育工作者|',0,0,0,0,11,'',4,1,0,1,0,10.00,'none',0,0,'single',1,1434535206,0,0,0,0,100),(28,'EduSoho产品特色','','published','normal',0,0.00,0.00,0.00,0.00,0,'opened','none',0.00,10,0,0,0,0,3,'','public://default/2015/06-17/092042a60c5a125789.jpg','public://default/2015/06-17/092042a600ba771668.jpg','public://default/2015/06-17/092042a515e0598509.jpg','','|1|','','|教师|管理员|校长|',0,0,0,0,6,'',5,5,0,1,0,10.00,'none',0,0,'single',1,1434535220,0,0,0,0,100),(29,'EduSoho班级功能介绍','','published','normal',0,0.00,0.00,0.00,0.00,0,'opened','none',0.00,1,0,0,0,0,2,'','public://default/2015/06-17/0921586c1fce227635.jpg','public://default/2015/06-17/0921586c121f817021.jpg','public://default/2015/06-17/0921586ba011106428.jpg','<p>在进行直播授课或者录制课程之前，我们需要准备相关的硬件和软件。主要包括摄像设备、电脑、麦克风、录屏软件等。</p>\n\n<p>本课程针对不同的状况，推荐了数套方案。</p>\n','|1|','|了解进行直播或录播所需设备|','|校长|老师|',0,0,0,0,7,'',4,1,0,1,0,10.00,'none',0,0,'single',1,1434535220,0,0,0,0,100),(30,'学员在网校','注册、登陆、设置、学习、交流','published','normal',0,0.00,0.00,0.00,0.00,0,'opened','none',0.00,10,0,0,0,0,6,'','public://default/2015/06-12/172635bdd4ca661701.jpg','public://default/2015/06-12/172635bdc41d559384.jpg','public://default/2015/06-12/172635bd8f08749848.jpg','<p>以学员身份学会如何使用EduSoho网络课堂中的各种功能</p>\n','|1|','|了解学员功能|','|网校学员|',0,0,0,0,2,'',0,0,0,1,0,10.00,'none',0,0,'single',1,1434535309,0,0,0,0,100);
INSERT INTO `course_chapter` (`id`, `courseId`, `type`, `parentId`, `number`, `seq`, `title`, `createdTime`, `pId`) VALUES (1,1,'chapter',0,1,1,'课程创建、发布和管理',1429267627,0),(2,1,'unit',1,1,3,'课程信息',1429267643,0),(3,1,'unit',1,2,10,'课程设置',1429267875,0),(4,1,'unit',1,3,13,'课程管理',1429267926,0),(5,1,'chapter',0,2,17,'题库',1429268018,0),(6,1,'unit',5,1,19,'题库管理',1429268071,0),(7,1,'unit',5,2,22,'试卷管理',1429268164,0),(8,1,'unit',5,3,27,'作业练习（商业功能）',1429268258,0),(9,1,'chapter',0,3,31,'课程运营',1429268343,0),(10,1,'chapter',0,4,33,'教学资料库（商业功能）',1429268382,0),(11,2,'chapter',0,1,1,'账户',1429268583,0),(12,2,'chapter',0,2,5,'学习课程',1429268671,0),(13,2,'chapter',0,3,9,'玩转小组',1429268815,0),(14,2,'chapter',0,4,11,'会员购买、续费、升级（商业功能）',1429268868,0),(15,3,'chapter',0,2,3,'云视频',1429269105,0),(16,3,'chapter',0,3,7,'云直播',1429269204,0),(17,3,'chapter',0,4,9,'云短信',1429269236,0),(19,3,'chapter',0,5,11,'云主机',1429269327,0),(20,4,'chapter',0,1,1,'EduSoho系统操作帮助',1429269509,0),(21,4,'chapter',0,2,11,'域名备案与上线域名',1429269717,0),(28,3,'chapter',0,1,1,'教育云介绍',1432802072,0),(29,16,'chapter',0,1,1,'课程创建、发布和管理',1434015840,0),(30,16,'chapter',0,2,17,'题库',1434015840,0),(31,16,'chapter',0,3,31,'课程运营',1434015840,0),(32,16,'chapter',0,4,33,'教学资料库（商业功能）',1434015840,0),(33,16,'unit',29,1,3,'课程信息',1434015840,0),(34,16,'unit',29,2,10,'课程设置',1434015840,0),(35,16,'unit',29,3,13,'课程管理',1434015840,0),(36,16,'unit',30,1,19,'题库管理',1434015840,0),(37,16,'unit',30,2,22,'试卷管理',1434015840,0),(38,16,'unit',30,3,27,'作业练习（商业功能）',1434015840,0),(39,17,'chapter',0,1,1,'账户',1434015840,0),(40,17,'chapter',0,2,5,'学习课程',1434015840,0),(41,17,'chapter',0,3,9,'玩转小组',1434015840,0),(42,17,'chapter',0,4,11,'会员购买、续费、升级（商业功能）',1434015840,0),(43,18,'chapter',0,1,1,'EduSoho系统操作帮助',1434015840,0),(44,18,'chapter',0,2,11,'域名备案与上线域名',1434015840,0),(45,6,'chapter',0,1,1,'EduSoho解决方案介绍',1434021697,0),(46,6,'unit',45,1,2,'平台介绍',1434021717,0),(48,6,'chapter',0,2,6,'课程制作服务',1434022127,0),(49,6,'unit',48,1,8,'课程展示及报价',1434022255,0),(50,6,'unit',48,2,11,'服务介绍',1434022406,0),(51,20,'chapter',0,2,3,'云视频',1434535070,0),(52,20,'chapter',0,3,7,'云直播',1434535070,0),(53,20,'chapter',0,4,9,'云短信',1434535070,0),(54,20,'chapter',0,5,11,'云主机',1434535070,0),(55,20,'chapter',0,1,1,'教育云介绍',1434535070,0),(56,22,'chapter',0,1,1,'EduSoho系统操作帮助',1434535145,0),(57,22,'chapter',0,2,11,'域名备案与上线域名',1434535145,0),(58,23,'chapter',0,1,1,'课程创建、发布和管理',1434535150,0),(59,23,'chapter',0,2,17,'题库',1434535150,0),(60,23,'chapter',0,3,31,'课程运营',1434535150,0),(61,23,'chapter',0,4,33,'教学资料库（商业功能）',1434535150,0),(62,23,'unit',58,1,3,'课程信息',1434535150,0),(63,23,'unit',58,2,10,'课程设置',1434535150,0),(64,23,'unit',58,3,13,'课程管理',1434535150,0),(65,23,'unit',59,1,19,'题库管理',1434535150,0),(66,23,'unit',59,2,22,'试卷管理',1434535150,0),(67,23,'unit',59,3,27,'作业练习（商业功能）',1434535150,0),(68,28,'chapter',0,1,1,'EduSoho解决方案介绍',1434535220,0),(69,28,'chapter',0,2,6,'课程制作服务',1434535220,0),(70,28,'unit',68,1,2,'平台介绍',1434535220,0),(71,28,'unit',69,1,8,'课程展示及报价',1434535220,0),(72,28,'unit',69,2,11,'服务介绍',1434535220,0),(73,30,'chapter',0,1,1,'账户',1434535309,0),(74,30,'chapter',0,2,5,'学习课程',1434535309,0),(75,30,'chapter',0,3,9,'玩转小组',1434535309,0),(76,30,'chapter',0,4,11,'会员购买、续费、升级（商业功能）',1434535309,0);
INSERT INTO `course_draft` (`id`, `title`, `summary`, `courseId`, `content`, `userId`, `lessonId`, `createdTime`) VALUES (73,'EduSoho教育云介绍','',6,'<p><strong>教育云概述</strong></p>\n\n<p>EduSoho教育云（以下简称教育云）是EduSoho自主研发，针对互联网大规模在线教学推出的便捷、安全、低成本、高可靠的教育云计算服务。EduSoho在线教育从业者可以即时接入ES教育云，从而无技术门槛的实现高并发视频点播、资源安全加密、直播教学、短信发送服务、文档在线浏览等在线教学必备的应用而又需要大量技术投入及技术整合时间的功能。</p>\n\n<p>EduSoho教育云是目前国内最稳定、最可靠、最低廉的教育云解决方案，已为全国上千家高校、中小学、教育培训机构提供服务，日数据吞吐量达到300TB，数据存储支持3PB，冗余存储达到15PB。</p>\n\n<p>教育云将从在线教学的大规模性、全球分发性、安全性出发，提供更多的针对在线教育的云计算服务，为在线教育从业者提供安全、便利、支持大规模应用的教学云计算服务。</p>\n\n<p><strong>教育云组成</strong></p>\n\n<p>&nbsp; &nbsp; 教育云目前由教育云视频、教育云直播、云文档、云短信、安全加固服务组成。</p>\n\n<p>&nbsp; &nbsp; 教育云视频用于视频点播教学。在视频的点播流畅性、视频安全防盗、省流量等方面处于业界领先地位，尤其是视频安全防盗版方面以及节省流量方面功能，更是业界独创并免费提供。ES教育云视频的推出，将创建视频点播网校的成本降低90%以上，是在线教育从业者必选的教育云计算服务。</p>\n\n<p>&nbsp; &nbsp; 教育云直播主要用于直播教学。ES教育云直播拥有高清现场直播、三分屏、桌面共享三种直播模式，支持10万级并发，多种互动途径，可满足专业级在线教育平台的直播及在线答疑需求。</p>\n\n<p>&nbsp; &nbsp; 云文档用于文档（PPT、PDF、WORD）课时的在线浏览，达到和在线文档分享网站一样的浏览体验，并提供独有的版权保护功能。</p>\n\n<p>&nbsp; &nbsp; 云短信用于网站安全及网校营销，多点验证，精准营销，保证网校学员账号安全及账户安全，及时精准送达网校验证、通知及营销信息。</p>\n\n<p>&nbsp; &nbsp; 安全加固服务用于保护用户在云平台上存储视频数据，防止用户的视频在播放时被非法下载。</p>\n\n<p style=\"margin-left:40px\">&nbsp;</p>\n\n<p><strong>教育云优势</strong></p>\n\n<ol>\n	<li><strong>便利快速。</strong>当下高清、超高清视频教学流行，在线教育平台已经是典型的重互联网应用，涉及到巨量的带宽和计算能力，直播、视频、文档等都是较为重型互联网应用。在教育云服务推出之前，在线教育从业者应用这些重型互联网应用需要经过供应商寻找、对比、谈价、确定合作再进行技术对接，最终对接之后才能上线使用，耗费时间长，投入资金大，而接入教育云服务则有即时生效即时投入使用，方便快捷。</li>\n</ol>\n\n<p>&nbsp;</p>\n\n<ol>\n	<li><strong>节省成本，且无业务上限。</strong>众所周知，视频、直播等功能应用单靠自己的服务器不能达到好的效果或者根本就不能用，特别是一到学员大规模使用这些应用时，就需要对带宽资源、服务器资源进行扩容升级，麻烦而又浪费。ES教育云通过领先的云计算服务器集群计算平台，给在线教育从业者动态分配计算资源，视频、直播等占用带宽、资源的应用就通过教育云系统，而用户服务器只需要承载基本的用户数据交互，从而显著节省计算资源投入，并且由于云计算平台的大规模计算资源支撑，也让百万级点播、十万级直播成为可能。</li>\n</ol>\n\n<div>&nbsp;</div>\n\n<ol>\n	<li>.<strong>安全稳定。</strong>在教育云服务推出之前，在线教育从业者需要和各个技术供应商分别对接，由于各供应商技术路线及数据保障技术各不相同，导致用户数据安全无法保证。教育云在安全上下足功夫，独创加密体系，并免费提供保障网校数据及教学资料的安全。</li>\n</ol>\n\n<div>&nbsp;</div>\n\n<ol>\n	<li><strong>高性价比。</strong>在教育云服务推出之前，在线教育从业者在和技术服务供应商进行合作，由于相对规模小，因此价格无法压缩。但教育云服务的价格刷新了业界价格，让用户用更低价格获得高于原产品体验的功能，教育云打造了业内最高性价比的教育云计算服务。</li>\n</ol>\n',1,53,1432794836),(80,'EduSoho教育云应用','',3,'<p>特性</p>\n\n<div>&nbsp;</div>\n\n<div>\n<p><img alt=\"\" src=\"/files/course/2015/04-15/150241145193972031.png?5.3.2\" /></p>\n\n<p><img alt=\"\" src=\"/files/course/2015/04-15/150515b28c87895291.png?5.3.2\" /></p>\n\n<div>&nbsp;</div>\n\n<p>&nbsp;</p>\n</div>\n',1,41,1432797808),(82,'教育云视频','',6,'<p>&nbsp; &nbsp; &nbsp; &nbsp;教育云视频是专为在线教育视频点播而推出的云视频应用，不仅拥有常规的云视频安全、流畅等体验，还针对在线教育文档在线浏览推出免费的文档转码服务、免费的针对视频文件、文档文件的加密存储方案以及PC端缓存播放、移动端离线下载播放等节省流量措施，让云视频应用成本对比普通成本降低90%以上，对比常规云视频应用成本降低50%以上。</p>\n\n<p><strong>教育云视频主要特点：</strong></p>\n\n<p>&nbsp;&nbsp;&nbsp;&nbsp;&nbsp;&nbsp; 1、全球共有200个cdn加速节点；</p>\n\n<p>&nbsp;&nbsp;&nbsp;&nbsp;&nbsp;&nbsp; 2、全国5个数据中心，每份数据都进行3份异地备份，解决灾备问题；</p>\n\n<p>&nbsp;&nbsp;&nbsp;&nbsp;&nbsp;&nbsp; 3、独有的教育云视频压缩技术，大幅度降低对带宽和存储的要求；</p>\n\n<p>&nbsp;&nbsp;&nbsp;&nbsp;&nbsp;&nbsp; 4、独有的公私桶的设计方式，公桶数据加密，并通过cdn加速，在客户端解密，加快用户访问速度，提高用户体验；</p>\n\n<p>&nbsp;&nbsp;&nbsp;&nbsp;&nbsp;&nbsp; 5、独有的TLP2.0视频加密技术，实现防盗链、防下载、防录制、可溯源，有效防范和打击知识产品盗版问题；</p>\n\n<p>云视频产品功能：</p>\n\n<ul>\n	<li>多格式上传（mp4, avi, flv, wmv, mov, swf图标）：支持mp4, avi, flv, wmv, mov, swf多格式上传，无须事前转码为统一格式。</li>\n	<li>多清晰度转码（240P\\360P\\480P\\720\\1080P图标）：支持5种视频分辨率及码率转码，满足多样化视频播放质量要求。</li>\n	<li>多维度TLP2.0安全保障（两级水印\\随机指纹\\播放权限验证\\播放地址隐藏\\动态地址\\文件加密\\五地三重备份 图标）：创新性地从上传、转码、播放、下载、安全备份等多种途径保障视频安全，做到0安全事故发生。</li>\n	<li>专为在线教学设计：视频片头、移动端离线播放、缓存播放、观看数据统计，二十余项创新功能只为更好的学习视频体验。</li>\n</ul>\n\n<p><strong>教育云视频与上传到本地视频对比</strong></p>\n\n<p><img alt=\"\" src=\"/files/course/2015/05-28/095718e86c6b279657.png?5.5.9\" /></p>\n\n<p>&nbsp;</p>\n\n<p>&nbsp;</p>\n',1,62,1432797849),(94,'EduSoho慕课版平台介绍','',6,'<p>EduSoho慕课版是专为中国高校MOOC打造的一体化在线互动教学、学习测评系统。校方可轻松使用EduSoho慕课版<strong>搭建专属MOOC平台</strong>，以<strong>最高性价比</strong>打造专属品牌，提高学校信息化水平，开拓混合式教学模式。</p>\n\n<p>&nbsp;</p>\n\n<p><span style=\"color:#33cc99\"><span style=\"font-size:18px\"><strong>功能支持</strong></span></span></p>\n\n<p><strong>多种课程类型：</strong>视频、直播、图文、文档、flash课件；</p>\n\n<p><strong>多样化教学运营模式：</strong>开放课程、SPOC、会员模式、班级运营模式；</p>\n\n<p><strong>丰富的学习工具：</strong>学、记、练、测、考、评；</p>\n\n<p><strong>多维度互动途径：</strong>课程讨论区、问答区、兴趣小组互动。</p>\n\n<p>详细介绍PPT在资料中可下载。</p>\n\n<p>&nbsp;</p>\n\n<p><span style=\"color:#33cc99\"><span style=\"font-size:18px\"><strong>功能特点</strong></span></span></p>\n\n<p>创新的结构化课程编辑器，让课程的增加与展现体验更好；</p>\n\n<p>课程、测考、问答、笔记等工具的有机组合，让在线教学效果倍增；</p>\n\n<p>独创班级-课程的在线教学服务体系，让在线教学服务更易实施。</p>\n',1,52,1432894077),(95,'其他课程形式','',6,'<ul>\n	<li>形式：礼堂或讲座形式记录课程</li>\n</ul>\n\n<p>&nbsp;</p>\n\n<p>难点：场控难度较高，现场人群影响声音采集，四机同步；</p>\n\n<p>要点：三机位（含学生画面需四机位），演示文档或二维动画部分超过20pics/key，不含3D；</p>\n\n<p>&nbsp;</p>\n\n<p>&nbsp;</p>\n\n<ul>\n	<li>形式：全Flash/AE课程，教师配音</li>\n</ul>\n\n<p>难点：台词讲稿需文案优化，剪辑脚本需特殊设计，模型设计工作量庞大，剪辑难度较高；</p>\n\n<p>要点：全动画模式，单个key时长不超过10分钟，动画场景不少于15个/key；</p>\n\n<p>&nbsp;</p>\n\n<p>&nbsp;</p>\n\n<ul>\n	<li>半卡通/漫画类</li>\n</ul>\n\n<p>形式：漫画风格，主讲表述</p>\n\n<p>难点：台词讲稿需文案优化，漫画需逐张绘制，造型工作量较大；</p>\n\n<p>要点：每key不少于1组漫画形式表述；每组不低于5个场景，单个key时长不超过10分钟；</p>\n\n<p>&nbsp;</p>\n\n<p>&nbsp;</p>\n\n<ul>\n	<li>3D动画类</li>\n</ul>\n\n<p>形式：3D动画辅助教学演示</p>\n\n<p>难点：建模、材质、渲染等三维工作量随动画要求几何级数增长；</p>\n\n<p>要点：每key不少于1个3D动画，每动画时长不低于1分钟，不超过2分钟。</p>\n\n<p>&nbsp;</p>\n\n<p>&nbsp;</p>\n',1,54,1432894101),(115,'题目批量导入导出','',1,'<p style=\"margin-left:18pt\"><strong>题库增强版应用是EduSoho推出的第三款商业插件，商业版用户可免费使用，免费版用户可在ES的开放云平台购买<a href=\"http://open.edusoho.com/app/QuestionPlus\"><span style=\"color:rgb(255, 165, 0)\">题库增强版</span></a>。此应用扩展题库系统的功能，主要是支持了题目的批量导入导出，极大减轻了教师的工作量，也便于对题目进行管理。</strong></p>\n\n<p style=\"margin-left:18pt\"><u><span style=\"font-size:16px\"><a href=\"#1\"><span style=\"color:#33cc99\"><strong>一、题目导入导出入口</strong></span></a></span></u></p>\n\n<p style=\"margin-left:18pt\"><u><span style=\"font-size:16px\"><a href=\"#2\"><span style=\"color:#33cc99\"><strong>二、如何批量导入题目</strong></span></a></span></u></p>\n\n<p style=\"margin-left:18pt\"><u><a href=\"#3\"><span style=\"color:#33cc99\"><span style=\"font-size:16px\"><strong>三、如何批量导出题目？</strong></span></span></a></u></p>\n\n<p style=\"margin-left:18pt\">&nbsp;</p>\n\n<p style=\"margin-left:18pt\">&nbsp;</p>\n\n<p style=\"margin-left:18pt\"><a href=\"#\" name=\"1\"><span style=\"font-size:16px\"><strong><span style=\"color:rgb(51, 204, 153)\">一、题目导入导出入口</span></strong></span></a></p>\n\n<p style=\"margin-left:18pt\">进入课程管理页，右侧操作栏中可找到【题目导入/导出】。</p>\n\n<p style=\"text-align:center\"><img alt=\"\" src=\"/files/course/2015/05-28/0916044d73a7682944.png?5.5.9\" /></p>\n\n<p style=\"margin-left:18pt\">&nbsp;</p>\n\n<p style=\"margin-left:18pt\"><a href=\"#\" name=\"2\"><span style=\"color:rgb(51, 204, 153)\"><span style=\"font-size:16px\"><strong>二、如何批量导入题目</strong></span></span></a></p>\n\n<p style=\"text-align:center\"><img alt=\"\" src=\"/files/course/2015/05-28/09161716c22d167617.png?5.5.9\" /></p>\n\n<p>目前题目导入功能仅支持从txt文本文件导入，后续会增加对Word文件的支持。按照示例说明的格式编辑好txt文件。</p>\n\n<p><span style=\"color:rgb(255, 165, 0)\">操作步骤：</span></p>\n\n<p>1）、导入格式:混合模式，一道题一个答案、题目放在一起的情况；</p>\n\n<p>2）、要导入的文件：即准备好的txt文件；</p>\n\n<p>3）、选择导入范围：可将题目导入到&ldquo;本课程&rdquo;或者课程下的&ldquo;某个课时&rdquo;；</p>\n\n<p>点击【读取】，系统将会对txt文件中的题目格式进行预处理校验，如果格式不符合要求，会提示错误位置，请您根据示例说明进行修改后再导入；如果通过校验，会显示题目的预览，预览无误后点击页面下方【导入】按钮，系统会提示成功导入了多少题目。</p>\n\n<p>（可在右侧的资料区下载&ldquo;题库批量导入操作说明&rdquo;）</p>\n\n<p>题目导入成功后，可以在右侧的【题目管理】中查看和编辑，如果您的题目需求添加图片，也请成功导入题目后到【题目管理】中操作。</p>\n\n<p>&nbsp;</p>\n\n<p><a href=\"#\" name=\"3\"><span style=\"color:rgb(51, 204, 153)\"><strong><span style=\"font-size:16px\">三、如何批量导出题目？</span></strong></span></a></p>\n\n<p>进入【题目导入/导出】页面后，选择【导出】</p>\n\n<p style=\"text-align:center\"><img alt=\"\" src=\"/files/course/2015/05-28/091629d7a252213018.png?5.5.9\" /></p>\n\n<p><span style=\"color:rgb(255, 165, 0)\">操作步骤：</span></p>\n\n<p>1）、选择导出范围：可以导出本课程或者某个课时的题目；</p>\n\n<p>2）、选择导出题型：可根据需求导出不同题型的题目，例如单选题、多选题、判断题、填空题、问答题、材料题，或者导出所有题型；</p>\n\n<p>设置好导出范围和题型后，点击【导出】，系统会自动生成并下载一份doc格式的文件，您要的题目就在这里啦~ &nbsp;&nbsp;</p>\n\n<p><span style=\"color:rgb(255, 165, 0)\">小提示：</span>如果您要将导出的题目导入到别的课程，需要将文件转化成txt格式，并去掉试卷顶部的标题，在试卷底部增加&lsquo;【导入结束】&rsquo;标志才能导入成功哦！</p>\n',1,15,1433320252),(116,'作业练习简介','',1,'<p><span style=\"font-size:14px\">EduSoho系统提供考试、作业、练习等学习辅助功能。</span></p>\n\n<p><span style=\"font-size:14px\">考试、作业、练习中的题目都来自上传至本课程题库中的题目。</span></p>\n\n<p><span style=\"font-size:14px\">题库系统支持题型有：选择题（单选、多选）、填空题、判断题、问答题、材料题。</span></p>\n\n<p><span style=\"font-size:14px\">系统还支持题目批量导入导出。</span></p>\n\n<p>&nbsp;</p>\n\n<h4><strong><span style=\"font-size:14px\"><span style=\"color:rgb(0, 204, 153)\">作业、练习的区别：</span></span></strong></h4>\n\n<p><span style=\"font-size:14px\"><strong>作业</strong>只能做一次，题目是固定的，教师成功布置作业后，只能对作业的名称和说明进行编辑，无法编辑题目，学员完成作业后，需要教师进行批阅才能看到作业结果。</span></p>\n\n<p><span style=\"font-size:14px\"><strong>练习</strong>可以反复多次，题目是不固定的，教师在布置了练习之后可以随时进行练习的更改，且学员做完一次练习后，可以即时看到练习的结果。</span></p>\n\n<p><span style=\"font-size:14px\">作业和练习的入口在课时学习页面右侧。</span></p>\n',1,19,1433320260),(119,'试卷管理和发布','',1,'<p><strong>试卷有两种状态：</strong>【草稿】和【已发布】</p>\n\n<p><strong><span style=\"color:#33cc99\"><span style=\"font-size:16px\">一、草稿试卷管理</span></span></strong></p>\n\n<p>创建试卷后，试卷处于【草稿】状态，可以进行【预览】和修改，如【编辑试卷信息】、【重新生成题目】、【管理题目】、【删除试卷】操作，如确定没有问题，也可以直接【发布试卷】。如下图：</p>\n\n<p><img alt=\"\" src=\"/files/course/2015/05-21/1548408a2282246393.png?5.5.8\" /></p>\n\n<p>&nbsp;</p>\n\n<p><span style=\"color:#33cc99\"><strong><span style=\"font-size:16px\">二、已发布试卷管理</span></strong></span></p>\n\n<p>发布试卷后，试卷处于【已发布】状态，试卷一旦发布将不能修改，只能【预览】、【关闭】和【删除】。</p>\n\n<p>当试卷处于【已发布】状态后，就可以点击【课时管理】,添加【试卷】，添加后试卷作为一个课时，学员学习此课时时会跳转到考试答题界面。</p>\n\n<p><img alt=\"\" src=\"/files/course/2015/05-21/154854682bce529851.png?5.5.8\" /></p>\n\n<div>&nbsp;</div>\n\n<p>&nbsp;</p>\n',1,17,1433988220),(127,'会员升级与续费','',2,'<p><span style=\"color:#33cc99\"><span style=\"font-size:18px\"><strong>&nbsp;会员升级与续费</strong></span></span></p>\n\n<p><span style=\"font-size:16px\">加入了会员后，发现现在的会员等级不满足你的需求，想升级到更高等级会员，你可以进行会员升级操作；会员即将到期，还想享受会员优惠，学习会员课程，你可以续费你的会员。</span></p>\n\n<p><span style=\"font-size:16px\"><span style=\"color:rgb(255, 153, 0)\"><strong>会员升级与续费入口</strong></span></span></p>\n\n<p><span style=\"font-size:16px\">进入会员专区，在个人会员信息展示区下方，可看到<strong>升级会员</strong>与<strong>会员续费</strong>入口</span></p>\n\n<p><img alt=\"\" src=\"/files/course/2015/05-29/180544822502841905.png?5.5.9\" /></p>\n\n<p>&nbsp;</p>\n\n<p><span style=\"font-size:16px\"><span style=\"color:rgb(255, 153, 0)\"><strong>会员升级：</strong></span></span></p>\n\n<p><span style=\"font-size:16px\">进入会员专区，找到会员个人信息展示栏下方的【<strong>升级会员</strong>】，点击进入，如下图所示：</span></p>\n\n<p><span style=\"font-size:16px\">你可以在此选择需要升级到的会员等级以及支付会员升级费用。</span></p>\n\n<p><span style=\"font-size:16px\">以小编的会员等级为例：</span></p>\n\n<p><span style=\"font-size:16px\">我现在是企业高级会员，可升级成为旗舰会员，我的企业高级会员有限期至2016年10月28日，剩余731天的会员，我想把剩下的731天企业高级会员升级为旗舰会员，系统自动计算出731天的旗舰会员费除去之前购买企业高级会员的费用之后，我还需支付40033.72元人民币（金额好吓人~~~~(&gt;_&lt;)~~~~ ），确认无误后点击【<strong>确认升级</strong>】付费后即可升级到旗舰会员。</span></p>\n\n<p><img alt=\"\" src=\"/files/course/2015/05-29/18055647846f984583.png?5.5.9\" /></p>\n\n<p>&nbsp;</p>\n\n<p><span style=\"font-size:16px\"><span style=\"color:rgb(255, 153, 0)\"><strong>会员续费：</strong></span></span></p>\n\n<p><span style=\"font-size:16px\">会员即将到期，还想继续享受会员优惠，那就给你的会员续续费吧O(&cap;_&cap;)O~</span></p>\n\n<p><span style=\"font-size:16px\">进入会员专区，找到会员个人信息展示栏下方的【<strong>会员续费</strong>】，点击进入，如下图所示：</span></p>\n\n<p><span style=\"font-size:16px\">选择你要将会员延长的期限，系统自动计费，点击【<strong>确认续费</strong>】进入支付页面，支付成功后即可延长你的会员期限啦~</span></p>\n\n<p><img alt=\"\" src=\"/files/course/2015/05-29/180606e1bd23560019.png?5.5.9\" /></p>\n\n<div>&nbsp;</div>\n\n<p>&nbsp;</p>\n',1,35,1433996229),(168,'课程制作','庞大后期团队，完美视觉体验',6,'<h3><strong>后期团队</strong></h3>\n\n<p>我们在全国范围内拥有多只专业后期团队，包括剪辑师、动画师、平面设计师、音效师、调色师、专业建模、特效合成、字幕等。相比于影视公司的后期团队，我们的后期团队除了拥有专业的后期技术，更拥有较高的知识领域水准，针对课程内容给出合理建议，以便更好展示课程内容。 自2013年伊始，我司后期团队已完成超过50000分钟专业在线课程制作经验，覆盖9大领域课程，所制作视频类型多样、优美精良，收到多位老师的赞扬。</p>\n\n<h3><strong>情景演绎</strong></h3>\n\n<p>案例重现，将过去发生事件重新演绎，使学习者能真实感知事件，身临其境。&mdash;&mdash;《急救常识》</p>\n\n<h3><strong>实际操作</strong></h3>\n\n<p>以实践验证理论，将抽象的概念具象化，加深理解与记忆。&mdash;&mdash;《食疗》</p>\n\n<h3><strong>动画特效</strong></h3>\n\n<p>全程Flash或AE特效，提升课程趣味。</p>\n\n<h3><strong>记录纪实</strong></h3>\n\n<p>深入祖国大好河山，以纪录片式的优美与深邃将课程内容娓娓道出。</p>\n\n<h3><strong>互动讨论</strong></h3>\n\n<p>思想的碰撞，灵魂的对撞，谈笑风生间将内容和盘推出。</p>\n\n<h3><strong>概念陈述</strong></h3>\n\n<p>在线课程中的中流砥柱，以老师讲述为主，辅以PPT、图片、视频等教学课件，学术与生动具现。</p>\n',1,57,1434021349),(169,'课程拍摄','全国范围覆盖，专业设备配置',6,'<h3><strong>拍摄环境</strong></h3>\n\n<p>我们在全国范围内共建有4个核心摄影棚，7处拍摄中心，遍布全国8个省市，并随着公司不断发展，覆盖范围也将不断扩大。所有拍摄场地均按标准影棚要求建设，可满足人物抠像、逼真置景等多种拍摄形式，完全满足因地制宜的拍摄要求。</p>\n\n<h3><strong>拍摄设备</strong></h3>\n\n<p>我们所用设备均为专业摄影设备，Canon C300/C100、Sony FS700、5DIII、蔡司及EF镜头组等专业设备保证了画面的精美；4-18米摇臂、轨道及轨道车能满足多种拍摄方式，保证画面的灵动；Sony录音系统及Zoom H6录音设备能完美收录主讲教师音频，保证录音质量；导监系统能在拍摄过程中及早发现老师失误，避免老师的重复劳动；其他各种相关设备都是为拍摄专门配备，以便呈现最佳拍摄效果。</p>\n\n<h3><strong>灯光设备</strong></h3>\n\n<p>我们专业影棚及拍摄现场均北邮蓝绿屏抠像系统、Profoto人像灯光系统、Kino-Flo冷光系统、ARRI专业灯光组及相关辅助设备，能够满足不同拍摄环境的灯光要求，且可模仿各种自然光，满足不同课程需求。</p>\n\n<h3><strong>拍摄团队</strong></h3>\n\n<p>我们在全国各地拥有多组专业拍摄团队，包括摄像师、摄像助理、灯光师、灯光助理、录音师、化妆师、道具师、场务等，并配有两组移动拍摄团队，以满足全国范围内的拍摄需求。</p>\n',1,56,1434021354),(178,'技术服务套餐--解决平台安全运维问题','',6,'<div>\n<div>\n<div>\n<div>\n<p>做在线教育必须要做一个网校，传统机构的业务中心在教学上，而网站运维既不是专长也不是重点业务，但确是必须要做的事情，否则网校出问题，所有教学服务均无法开展，因此，EduSoho提供高性价比的按效果服务的技术服务套餐，根据保障人数分为多个套餐（具体以官网（www.edusoho.com）为准）：</p>\n\n<p><img alt=\"\" src=\"http://mooc.test.edusoho.cn/files/course/2015/06-05/180529940285425646.png?5.5.11\" /></p>\n\n<p><img alt=\"\" src=\"http://mooc.test.edusoho.cn/files/course/2015/06-05/180756c216f1037318.png?5.5.11\" /></p>\n\n<p>&nbsp;</p>\n</div>\n</div>\n</div>\n</div>\n',1,135,1434504293),(180,'定制开发--满足个性化需求','',6,'<h4><strong>官方模版定制</strong></h4>\n\n<p>EduSoho拥有灵活强大的tag机制，针对EduSoho进行页面风格和样式的定制。如需官方定制请到官网www.edusoho.com联系官方人员</p>\n\n<p>部分定制客户案例：</p>\n\n<ul>\n	<li>E电商：http://school.edianshang.com/</li>\n	<li>大山外语：http://www.dashanzx.com/</li>\n	<li>理想工场：http://college.lixianggongchang.com/</li>\n</ul>\n\n<p>&nbsp;</p>\n\n<h4><strong>官方功能定制</strong></h4>\n\n<p>如需个性化的需求，可与官方人员联系。</p>\n\n<p>部分定制客户案例：</p>\n\n<ul>\n	<li>上海立信会计学院：http://v.lixinedu.com.cn/</li>\n	<li>萝卜网：http://www.luobo360.com/</li>\n	<li>华冠商学院：http://www.hgsxy.com/</li>\n</ul>\n\n<p>&nbsp;</p>\n\n<h4><strong>官方代码维护</strong></h4>\n\n<p>一般功能定制后，为避免出现问题，EduSoho主系统的更新就无法同时更新。但EduSoho不断的更新会让您的网校时刻保持最强的产品竞争力，为了保持与EduSoho主系统的升级同步，可以寻求EduSoho官方的代码维护升级服务，具体请联系官方人员。</p>\n\n<p>&nbsp;</p>\n\n<h4><strong>APP定制</strong></h4>\n\n<p>目前，每个EduSoho都拥有免费的移动学习客户端，但为了凸显网校品牌，很多教育机构想以低成本实现自有的网校，EduSoho提供定制app服务，详细请与EduSoho官方客服联系。</p>\n\n<p>案例：APPStore搜索&ldquo;E电商&rdquo;</p>\n\n<p>&nbsp;</p>\n\n<h4><strong>自主二次开发</strong></h4>\n\n<p>EduSoho系统具有良好的代码层级及架构，非常易于二次开发，如您有技术人员，可进行插件化开发，开发教程见http://www.qiqiuyu.com/course/explore/developer,可加入开发社区：http://www.qiqiuyu.com/group/5，加入开发群：89120595。</p>\n',1,136,1434504369),(187,'商业版与开源版对比','',6,'<p style=\"text-align:center\"><img alt=\"\" src=\"http://mooc.test.edusoho.cn/files/course/2015/06-05/155213dca433342364.png?5.5.11\" /></p>\n\n<p>&nbsp;各部分详细的细节请查看下一节。</p>\n\n<p>&nbsp;</p>\n',1,134,1434533945),(189,'班级介绍','',7,'<p><u><span style=\"color:#33cc99\"><strong><span style=\"font-size:18px\">一、<a href=\"#1\">初版班级（EduSoho v5.0.0）</a></span></strong></span></u></p>\n\n<p><u><span style=\"color:#33cc99\"><strong><span style=\"font-size:18px\">二、<a href=\"#2\">班级二期（EduSoho v6.0.0)</a></span></strong></span></u></p>\n\n<p>&nbsp;</p>\n\n<p>&nbsp;</p>\n\n<p><span style=\"color:#33cc99\"><strong><span style=\"font-size:18px\">一、<a href=\"#\" name=\"1\">初版班级（EduSoho v5.0.0）</a></span></strong></span></p>\n\n<p><span style=\"font-size:16px\">&nbsp; &nbsp;&nbsp;班级，能帮助网校老师更好的建立课程体系结构，相对应的，学员也就能够更加系统化的进行学习。班级强调的是人们围绕某个主题一起进行学习的氛围，一群志同道合的人在这里讨论问题、展示自我，还可以组织发起活动、参与活动。学员只需购买一次，即可加入到班级中来。而对一些在线下开班的网校来说，也提供了针对固定学员提供教学服务的支持。</span></p>\n\n<p><br />\n<span style=\"font-size:16px\"><span style=\"color:#33cc99\"><strong>班级特性</strong></span></span></p>\n\n<p><span style=\"font-size:16px\">1. 由管理员创建班级、管理班级。</span></p>\n\n<p><span style=\"font-size:16px\">2. 班级的名称可自由定义。</span></p>\n\n<p><span style=\"font-size:16px\">3. 管理员可以授权（设置）某个老师为班主任，班主任拥有管理某个班级的权限。</span></p>\n\n<p><span style=\"font-size:16px\">4. 班级管理者可以设置班级介绍、价格等，可以给班级添加课程，也可对班级学员、教师进行管理。</span></p>\n\n<p><span style=\"font-size:16px\">5. 用户在查看班级以后，可以选择作为旁听生加入，旁听生可以参与班级讨论，但不能学习课程。</span></p>\n\n<p><span style=\"font-size:16px\">6. 用户也可以直接购买班级，成为正式学员，正式学员具有班级的所有学习互动功能。旁听生也可购买班级后加入。</span></p>\n\n<p><span style=\"font-size:16px\">7. 用户购买班级以后，即自动加入到班级的所有课程中。</span></p>\n\n<p><span style=\"font-size:16px\">8. 班级可设为会员班级，某个等级会员及更高级会员免费加入学习。</span></p>\n\n<p><span style=\"font-size:16px\">9. 购买班级前如果已经购买了其中的某个课程，则可以扣除这部分价格。</span></p>\n\n<p><span style=\"font-size:16px\">10. &nbsp;学员可签到、评价、分享、以及退出学习。</span></p>\n\n<p>&nbsp;</p>\n\n<p><span style=\"font-size:16px\"><strong><span style=\"color:#33cc99\">网校如何运用班级功能</span></strong></span></p>\n\n<p><span style=\"font-size:16px\">1、课程打包销售（促销）；</span></p>\n\n<p><span style=\"font-size:16px\">2、建立体系化课程，无论对课程的管理还是学员学习，更简单明了，引导学员由浅入深学习；</span></p>\n\n<p><span style=\"font-size:16px\">3、班级就是一个圈子，将有共同兴趣爱好或者目标的人聚集在一起，班级内有讨论区，突出一起学习的概念，网校也可利用此讨论区组织对象明确的线下活动；</span></p>\n\n<p><span style=\"font-size:16px\">4、班级的签到功能，把握学员的成就心理，保持班级的活跃度，以后会扩展此方面的功能；</span></p>\n\n<p>&nbsp;</p>\n\n<p><span style=\"color:#33cc99\"><strong><span style=\"font-size:18px\">二、<a href=\"#\" name=\"2\">班级二期（EduSoho v6.0.0)</a></span></strong></span></p>\n\n<p>&nbsp;</p>\n\n<p>班级是EduSoho自主研发的国内首个提供了系统化学习、个性化学习、学习过程跟踪管理的一整套强大的互动学习功能。</p>\n\n<p>班级上线距今已经有一段时间了，我们的很多客户都投入了运营使用。很多校长都对班级功能给予了充分的肯定，但同时也给我们提出了意见建议。根据大家的反馈，以及我们对班级实际运营情况的调研，我们对班级功能进行了全面的升级。</p>\n\n<p>那么，这次的班级二期到底做了哪些改进呢？下面详细说明一下：</p>\n\n<p><strong>1. </strong><strong>班级功能开放出来，作为通用版功能，免费提供给所有客户使用</strong></p>\n\n<p>为了给EduSoho的众多客户创造更大价值，这次升级我们把班级功能开放出来，这样所有我们的网校都能够免费使用班级功能了。当然了，校长们的使用和建议，是我们不断前进的动力。</p>\n\n<p>&nbsp;</p>\n\n<p><strong>2. </strong><strong>强化了教学服务的概念，跟课程相比学员能够获得更好的教学服务</strong></p>\n\n<p>为了在班级中提供更好的教学服务，需要有更多的人参与到班级管理中来，因此我们定义了三种角色：班主任、任课老师、助教。班主任主要负责管理整个班级的各项事务，课程老师和助教可以批改作业/试卷、回答问题、发起组织活动，助教可由本班学员担任。</p>\n\n<p>班级中固化了教学服务特色，包括：学习计划指导、24小时阅卷点评、24小时作业批改、提问必答、一对一在线答疑、班级活动、就业指导。老师可以根据实际情况选择班级所能提供的服务内容，其中的学习计划、试卷阅卷点评、作业批改、提问回答、班级活动都可以在线完成。</p>\n\n<p>&nbsp;</p>\n\n<p><strong>3. </strong><strong>班级强调互动学习，学员在互帮互助中提升学习效果</strong></p>\n\n<p>和一群目标一致、乐于分享的人们在一起学习，不但能极大提升学习效果，同时也让学习不再枯燥。学员可以在班级里学习时，提问/回答问题、发起讨论/参与讨论，也可以分享自己的笔记、对他人的笔记点赞。此外，学员还可以报名参加班级活动。活动是由老师发起组织的，可以是线上的也可以是线下的，通过组织活动，可以明显提升学员的活跃度和黏度。</p>\n\n<p>&nbsp;</p>\n\n<p><strong>4. </strong><strong>支持封闭型学习的班级，满足O2O运营的需要</strong></p>\n\n<p>有些班级采用的是线下招生、线上学习的模式，所以我们推出了相应的功能设置。老师把班级设置为封闭后，普通学员就不能加入这类班级了，然后老师通过学员导入功能来设置学员，这样学员就可正常学习了。</p>\n\n<p>&nbsp;</p>\n\n<p><strong>5. </strong><strong>一个课程可以重复加入到多个班级</strong></p>\n\n<p>原来的班级模块，一个课程只能加入到一个班级，在网校的实际运营中，常常需要把一个课程放到多个班级中去使用，二期中我们就支持了这一使用场景。通过课程复制的方法，老师可以把一个课程添加到任意多个班级中去，而原来的这个课程仍然可以单独售卖，当然也可以只在班级中销售。此时，同一个课程会有很多个复制出来的课程，在显示上会有重复，我们也考虑到了这个问题，复制出来的班级课程是不会显示在课程列表中的。</p>\n\n<p>&nbsp;</p>\n\n<p>除了以上这些以外，本次升级还新增了推荐班级、班级分类、班级公告、用户名个人名片等功能，以帮助大家更好的运营网校。</p>\n\n<p>&nbsp;</p>\n\n<p>&nbsp;</p>\n\n<p>&nbsp;</p>\n',1,71,1434591565),(190,'接入教育云流程','',5,'<div>\n<div>\n<div>\n<div>\n<p><strong>接入并使用教育云的前提：</strong></p>\n\n<ol>\n	<li>拥有一个已经运行的EduSoho站点（<a href=\"http://www.qiqiuyu.com/course/explore/install\" style=\"box-sizing: border-box; color: rgb(97, 97, 97); text-decoration: none; transition: all 0.3s ease; -webkit-transition: all 0.3s ease; background: transparent;\" target=\"_blank\">去安装</a>）；</li>\n	<li>拥有云平台帐号并绑定ES站点（<a href=\"http://open.edusoho.com/article/2\" style=\"box-sizing: border-box; color: rgb(97, 97, 97); text-decoration: none; transition: all 0.3s ease; -webkit-transition: all 0.3s ease; background: transparent;\" target=\"_blank\">帮助</a>）；</li>\n</ol>\n\n<p>&nbsp;</p>\n\n<h4><strong>接入教育云流程</strong></h4>\n\n<div>1.当您注册云平台，并点击任意教育云产品的购买按钮，都需要您先注册并登录云平台帐号。您初次登陆云平台帐号，需要您进行如图三项任务后，才能使用教育云产品。</div>\n\n<div><img alt=\"\" src=\"http://www.qiqiuyu.com/files/course/2015/06-11/144430ec834f088175.png?5.5.11\" /></div>\n\n<div>&nbsp;</div>\n\n<ul>\n	<li>\n	<h4><strong>设置网校授权码</strong></h4>\n	</li>\n</ul>\n\n<p><strong>方法：</strong>进入自己的ES站点，后台--教育云--授权码中的<strong>AccessKey及SecretKey</strong>填入<strong>云平台</strong>--<strong>帐号设置</strong>--授权码，填入相应框中，点击<strong>绑定</strong>即可。此步骤图文教程请查看<a href=\"http://open.edusoho.com/article/2\" style=\"box-sizing: border-box; color: rgb(97, 97, 97); text-decoration: none; transition: all 0.3s ease; -webkit-transition: all 0.3s ease; background: transparent;\" target=\"_blank\">http://open.edusoho.com/article/2</a></p>\n\n<ul>\n	<li>\n	<h4><strong>绑定手机号</strong></h4>\n	</li>\n</ul>\n\n<p>填写常用手机号码，填入验证码即可，一般此步骤在您初次注册云平台帐号已完成。如需更换手机号，点击帐号设置--绑定手机号码即可。</p>\n\n<p><img alt=\"\" src=\"http://www.qiqiuyu.com/files/course/2015/06-11/144442ad0fe4147089.png?5.5.11\" /></p>\n\n<ul>\n	<li>\n	<h4><strong>实名认证</strong></h4>\n	</li>\n</ul>\n\n<div>如您是企业用户，选择企业认证，填写公司营业执照注册号并上传公司营业执照电子照片。等待官方人员审核。一般1~2天即可得到审核结果，如您已绑定手机号，审核结果将以短信发送到您的手机中。</div>\n\n<div><img alt=\"\" src=\"http://www.qiqiuyu.com/files/course/2015/06-11/1444524d7332333122.png?5.5.11\" /></div>\n\n<div>&nbsp;</div>\n\n<div>如您是个人用户，选择个人认证，并提供真实姓名及真实身份证号码，并上传身份证正、反面电子照片，上传后，提交即可。一般1~2天即可得到审核结果，审核结果将以短信发送到您的手机中。</div>\n\n<div><img alt=\"\" src=\"http://www.qiqiuyu.com/files/course/2015/06-11/144503f7ffed959532.png?5.5.11\" /></div>\n\n<div>&nbsp;</div>\n\n<ul>\n	<li>\n	<h4><strong>点击开通教育云</strong></h4>\n	</li>\n</ul>\n\n<div>实名认证审核通过后，您会收到一条审核通过的短信。收到短信后即可登陆云平台，并点击「我的教育云」，您会看到3个任务都变为已完成。此时勾选「同意<a href=\"http://115.29.78.158:99/cloud/termsservice\" style=\"box-sizing: border-box; color: rgb(255, 132, 46); text-decoration: none; transition: all 0.3s ease; -webkit-transition: all 0.3s ease; font-family: \'Microsoft Yahei\', sans-serif; background-image: initial; background-attachment: initial; background-color: transparent; background-size: initial; background-origin: initial; background-clip: initial; background-position: initial; background-repeat: initial;\" target=\"_blank\">《EduSoho教育云服务条款》</a>」，并点击「开始使用教育云」，稍后几秒即可开通教育云，随之开通的还有教育云视频、云文档功能。</div>\n\n<div><img alt=\"\" src=\"http://www.qiqiuyu.com/files/course/2015/06-11/144513982518857329.png?5.5.11\" /></div>\n\n<div>&nbsp;</div>\n\n<ul>\n	<li>\n	<h4><strong>开通后的界面</strong></h4>\n	</li>\n</ul>\n\n<div><img alt=\"\" src=\"http://www.qiqiuyu.com/files/course/2015/06-11/1445255c4fa6329988.png?5.5.11\" /></div>\n</div>\n\n<div>\n<div>&nbsp;</div>\n</div>\n</div>\n</div>\n</div>\n',1,68,1434591830),(191,'定制开发——满足个性化需求','',8,'<h4><strong>一、官方模版定制</strong></h4>\n\n<h4><strong>二、官方功能定制</strong></h4>\n\n<h4><strong>三、官方代码维护</strong></h4>\n\n<h4><strong>四、APP定制</strong></h4>\n\n<h4><strong>五、自主二次开发</strong></h4>\n\n<div>&nbsp;</div>\n\n<div>&nbsp;</div>\n\n<h4>&nbsp;</h4>\n\n<h4><strong>一、官方模版定制</strong></h4>\n\n<p>EduSoho拥有灵活强大的tag机制，针对EduSoho进行页面风格和样式的定制。如需官方定制请到官网www.edusoho.com联系官方人员</p>\n\n<p>部分定制客户案例：</p>\n\n<ul>\n	<li>E电商：http://school.edianshang.com/</li>\n	<li>大山外语：http://www.dashanzx.com/</li>\n	<li>理想工场：http://college.lixianggongchang.com/</li>\n</ul>\n\n<p>&nbsp;</p>\n\n<h4><strong>二、官方功能定制</strong></h4>\n\n<p>如需个性化的需求，可与官方人员联系。</p>\n\n<p>部分定制客户案例：</p>\n\n<ul>\n	<li>上海立信会计学院：http://v.lixinedu.com.cn/</li>\n	<li>萝卜网：http://www.luobo360.com/</li>\n	<li>华冠商学院：http://www.hgsxy.com/</li>\n</ul>\n\n<p>&nbsp;</p>\n\n<h4><strong>三、官方代码维护</strong></h4>\n\n<p>一般功能定制后，为避免出现问题，EduSoho主系统的更新就无法同时更新。但EduSoho不断的更新会让您的网校时刻保持最强的产品竞争力，为了保持与EduSoho主系统的升级同步，可以寻求EduSoho官方的代码维护升级服务，具体请联系官方人员。</p>\n\n<p>&nbsp;</p>\n\n<h4><strong>四、APP定制</strong></h4>\n\n<p>目前，每个EduSoho都拥有免费的移动学习客户端，但为了凸显网校品牌，很多教育机构想以低成本实现自有的网校，EduSoho提供定制app服务，详细请与EduSoho官方客服联系。</p>\n\n<p>案例：APPStore搜索&ldquo;E电商&rdquo;</p>\n\n<p>&nbsp;</p>\n\n<h4><strong>五、自主二次开发</strong></h4>\n\n<p>EduSoho系统具有良好的代码层级及架构，非常易于二次开发，如您有技术人员，可进行插件化开发，开发教程见http://www.qiqiuyu.com/course/explore/developer,可加入开发社区：http://www.qiqiuyu.com/group/5，加入开发群：89120595。</p>\n',1,140,1434592255),(192,'网校运营指南','',12,'<p><span style=\"color:#33cc99\"><strong><span style=\"font-size:18px\">气球鱼学院介绍</span></strong></span></p>\n\n<p><span style=\"font-size:16px\"><strong><span style=\"color:rgb(51, 204, 153)\"><em>1、气球鱼是什么？</em></span></strong></span></p>\n\n<p><span style=\"font-size:16px\">气球鱼！最罕见的鱼类，全世界仅发现7条，听起来好稀奇珍贵的样子，但它长得真不像想象中可爱，不信你去百度！</span></p>\n\n<p><span style=\"font-size:16px\"><strong><span style=\"color:rgb(51, 204, 153)\"><em>2、气球鱼学院是什么？</em></span></strong></span></p>\n\n<p><span style=\"font-size:16px\">气球鱼学院是EduSoho的<span style=\"color:rgb(255, 165, 0)\"><strong>开发者社区</strong></span>以及<strong>网校运营学习站</strong>，有四大类课程：<u><strong><a href=\"http://www.qiqiuyu.com/course/explore/install\"><span style=\"color:#FFA500\">安装教程</span></a><span style=\"color:#FFA500\">、</span><a href=\"http://www.qiqiuyu.com/course/explore/fuction\"><span style=\"color:#FFA500\">使用教程</span></a><span style=\"color:#FFA500\">、</span><a href=\"http://www.qiqiuyu.com/course/explore/developer\"><span style=\"color:#FFA500\">主题及应用开发教程</span></a><span style=\"color:#FFA500\">、</span><a href=\"http://www.qiqiuyu.com/course/explore/operation\"><span style=\"color:#FFA500\">网校运营课程</span></a></strong></u>。</span></p>\n\n<p><span style=\"font-size:16px\"><strong><span style=\"color:rgb(51, 204, 153)\"><em>3、气球鱼和气球鱼学院有什么关系？</em></span></strong></span></p>\n\n<p><span style=\"font-size:16px\">没任何关系，好像有了这个名字我们会更可爱一样，当初到底是什么促使Kent选定此域名，至今是个迷，大概是眼缘吧，只能这样解释了。。。</span></p>\n\n<p><span style=\"font-size:16px\"><strong><span style=\"color:rgb(51, 204, 153)\"><em>4、气球鱼学院与EduSoho的demo站有什么联系？</em></span></strong></span></p>\n\n<p><span style=\"font-size:16px\">EduSoho网络课堂<span style=\"color:rgb(255, 165, 0)\"><strong>demo站以后仅作功能演示用途</strong></span>，ES的安装教程与使用教程已全部迁移至气球鱼学院，还有新的开发课程，所有课程都将持续更新。</span></p>\n\n<p>&nbsp;</p>\n',1,65,1434592414),(195,'课程分类设置','',4,'<h4><strong>一、为什么要设置课程分类？</strong></h4>\n\n<h4><strong>二、如何设置课程分类？</strong></h4>\n\n<h4><strong>三、如何将课程分类添加到导航？</strong></h4>\n\n<p>&nbsp;</p>\n\n<p>&nbsp;</p>\n\n<h4><strong>一、为什么要设置课程分类？</strong></h4>\n\n<p>为了组织好课程内容，设置一个清晰的课程分类，不但利于知识的系统管理，对学生查找课程也有很大帮助。在网站正式运营之前，一定要将课程分类做一个好的规划。</p>\n\n<p>&nbsp;</p>\n\n<h4><strong>二、如何设置课程分类？</strong></h4>\n\n<p>路径：【管理后台】-【课程】-【课程分类】</p>\n\n<p>此页面可创建课程分类、编辑已有分类、添加子分类。</p>\n\n<p><img alt=\"\" src=\"/files/course/2015/06-11/14094043ee39014722.png?6.0.2\" /></p>\n\n<p>&nbsp;</p>\n\n<h4><strong>三、如何将课程分类添加到导航？</strong></h4>\n\n<p>添加导航：【管理后台】-【系统】-【站点设置】-【顶部导航】</p>\n\n<p>可以将课程的地址添加到导航上。</p>\n\n<p>&nbsp;</p>\n\n<p>&nbsp;</p>\n\n<p>&nbsp;</p>\n',1,67,1435230320),(196,'网校系统邮箱配置','',4,'<p>&nbsp; &nbsp; 在EduSoho系统中，<strong>邮箱验证</strong>、<strong>找回密码</strong>等功能，都需要用到邮件服务器。</p>\n\n<p>&nbsp; &nbsp; 下面讲解如何配置邮件服务器：</p>\n\n<h5><span style=\"color:rgb(51, 204, 153)\"><strong>一、首先，您需要一个具备SMTP服务的邮箱帐号，用于发送邮件。</strong></span></h5>\n\n<p>&nbsp; &nbsp;&nbsp;目前的邮件服务器提供商如QQ邮箱、163邮箱等均提供了SMTP服务。如果您网站刚起步，推荐使用QQ企业邮箱(<a href=\"https://exmail.qq.com/\" target=\"_blank\">https://exmail.qq.com/</a>)，省心、够用、免费。如您暂时还不想申请企业邮箱，也可先使用您的QQ邮箱、163邮箱、搜狐邮箱、新浪邮箱等做邮件发送方，测试EduSoho的邮件发送功能。下面以QQ邮箱为例，讲解下该如何配置邮件服务器。</p>\n\n<p>&nbsp;</p>\n\n<h5><span style=\"color:rgb(51, 204, 153)\"><strong>二、邮件服务器配置步骤</strong></span></h5>\n\n<p>&nbsp; &nbsp; &nbsp; 以QQ邮箱为例，配置如下：</p>\n\n<p><strong>1.确保您的QQ邮箱已经开启SMTP服务。</strong>进入QQ邮箱，找到【设置】&rarr;【帐户】，开启IMAP/SMTP服务并保存设置。</p>\n\n<p style=\"margin-left:36pt\">有些账号开启此服务时需要您设置一个QQ邮箱独立密码，请您记住该密码，此密码可能在稍后的邮件服务器的设置中使用。</p>\n\n<p><strong>2.设置路径：【管理后台】&rarr;【系统】&rarr;【站点设置】&rarr;【邮件服务器设置</strong>】</p>\n\n<p style=\"margin-left:36pt\">如下图所示：</p>\n\n<p style=\"margin-left:36pt\"><img alt=\"\" src=\"/files/course/2015/06-03/1840546d0e02967601.png?5.5.10\" /></p>\n\n<p style=\"margin-left:36pt\"><strong>配置参数为：</strong></p>\n\n<ul>\n	<li>邮件发送：开启</li>\n	<li>SMTP服务器地址：smtp.qq.com （<strong><span style=\"color:rgb(255, 0, 0)\"><span style=\"font-size:16px\">每种邮箱的服务器地址都不一样！！！</span></span></strong>右侧资料区，可查看<span style=\"font-size:16px\"><span style=\"color:rgb(255, 0, 0)\"><strong>常用邮箱的SMTP服务器地址</strong></span></span>）</li>\n	<li>SMTP端口号：25，有些邮箱会提示您在这填写465端口号，还是请您在此填上25</li>\n	<li>SMTP用户名：12345@qq.com</li>\n	<li>SMTP密码：12345 (QQ邮箱密码，即开启IMAP/SMTP服务时填写的QQ邮箱独立密码)</li>\n	<li>发信人地址：12345@qq.com (同SMTP用户名)</li>\n	<li>发信人名称：建议填写您的网站名称， 比如气球鱼学院，那么学员收到的邮件就会显示来自气球鱼学院</li>\n</ul>\n\n<p><strong>3.点击&ldquo;提交&rdquo;，完成配置</strong>。</p>\n\n<p>&nbsp;</p>\n\n<p><span style=\"color:rgb(51, 204, 153)\"><strong>三、验证配置是否成功</strong></span></p>\n\n<p>&nbsp;</p>\n\n<p>在管理后台中进入【用户】-【用户管理】，找到自己的账号，在用户信息最右侧【操作】下，选择【发送密码重置邮件】或者【发送Email验证邮件】，如果系统提示发送成功，邮箱配置就是正确的；如果提示发送失败，请再次检查邮件服务器设置，注意smtp服务器地址，每种邮箱都不一样，详看右侧资料区；smtp用户名，填写的是邮箱地址。</p>\n\n<p><img alt=\"\" src=\"http://www.qiqiuyu.com/files/course/2015/06-03/1810593aaf81743481.png?5.5.8\" /></p>\n\n<p><img alt=\"\" src=\"http://www.qiqiuyu.com/files/course/2015/06-03/181434a64dab948746.png?5.5.8\" /></p>\n\n<p><span style=\"color:rgb(102, 102, 102)\">&nbsp;&nbsp; &nbsp;另外，建议使用网站域名的邮箱作为系统邮箱，如果使用个人邮箱作为系统邮箱，会给用户不正规感。网站域名邮箱申请方法，参考</span><a href=\"https://exmail.qq.com/\" style=\"box-sizing: border-box; color: rgb(97, 97, 97); text-decoration: none; -webkit-transition: all 0.3s ease; transition: all 0.3s ease; font-family: \'Hiragino Sans GB\', \'Helvetica Neue\', Helvetica, Arial, \'Microsoft YaHei\', sans-serif; line-height: 22.39px; background: transparent;\" target=\"_blank\">https://exmail.qq.com/</a><span style=\"color:rgb(102, 102, 102)\">。</span></p>\n',1,45,1436941527),(197,'价格设置','',1,'<p><u><a href=\"#1\"><span style=\"color:#33cc99\"><strong><span style=\"font-size:16px\">一.功能介绍</span></strong></span></a></u></p>\n\n<p><u><a href=\"#2\"><span style=\"color:#33cc99\"><strong><span style=\"font-size:16px\">二.价格策略建议（获取生源策略）</span></strong></span></a></u></p>\n\n<p><u><a href=\"#3\"><span style=\"color:#33cc99\"><strong><span style=\"font-size:16px\">三.适当推出免费课时吸引用户</span></strong></span></a></u></p>\n\n<p>&nbsp;</p>\n\n<p>&nbsp;</p>\n\n<p><a href=\"#\" name=\"1\"><span style=\"color:#33cc99\"><strong><span style=\"font-size:16px\">一.功能介绍</span></strong></span></a></p>\n\n<p><span style=\"font-size:16px\">填写价格让学员为课程及服务买单。默认价格为0.00人民币。</span></p>\n\n<p><span style=\"font-size:16px\">当价格为0.00时，发布的课程会显示免费字样，学员能够无限制的浏览免费的课程和课时；</span></p>\n\n<p><span style=\"font-size:16px\">若价格不为0，当学员学习课程时，则会需要购买后才能浏览和学习。</span></p>\n\n<p><span style=\"font-size:16px\">此外，还可进行会员课程设置，设置会员课程后，该会员及更高等级会员，可免费学习。（会员专区是商业功能）</span></p>\n\n<p><img alt=\"\" src=\"/files/course/2015/05-21/151230e3e949913204.png?5.5.8\" /></p>\n\n<p>&nbsp;</p>\n\n<p><a href=\"#\" name=\"2\"><span style=\"color:#33cc99\"><strong><span style=\"font-size:16px\">二.价格策略建议（获取生源策略）</span></strong></span></a></p>\n\n<p><span style=\"font-size:16px\">教学活动作为一种服务，而不是仅仅只有销售课程内容。因此服务的质量越好，制作的内容越好，学员才会为此购买。因此如果你认为你的课程和服务足够好，可以定高价，这样保证只有一部分人会付款学习，从而提高这一部分的人的体验。但仅这一种策略是无法取得更好的销售效果的，你需要对你的用户群体进行细分，然后对他们开展不同的销售策略，例如把目标用户分为以下三种：</span></p>\n\n<ol>\n	<li><strong><span style=\"font-size:16px\">对价格比较敏感的人。</span></strong><span style=\"font-size:16px\">这些人预算有限，只能选择价格比较便宜的课程进行学习，他们对你的品牌和质量没有那么关心。对于这个用户群体，你就可以使用打折策略，或部分课程免费来吸引他们加入你的课程。</span></li>\n	<li><strong><span style=\"font-size:16px\">对课程很感兴趣的人。</span></strong><span style=\"font-size:16px\">这部分人对学习这门课程的知识很感兴趣，而对你的品牌和价格不太敏感。他们需要学到真正的有用的知识。你可以看到他们热心参加课程，在网络上寻找着各种资源。这些人都是优质的潜在学习者，服务好他们，给他们更多的关注，给他们一些优惠，一旦打动他们，他们就会自发地帮你宣传你的课程。</span></li>\n	<li><strong><span style=\"font-size:16px\">忠实粉丝。</span></strong><span style=\"font-size:16px\">这些人不仅参加你的课程，也关注你的品牌和其他活动，也会在课程讨论区热心的帮助他人，回答问题等。毫无疑问，这个群体是你的财富。你需要给他们更多的特权或者关注，让他们觉得与众不同。你甚至有机会将他们吸收到你的团队当中。</span></li>\n</ol>\n\n<p><strong><span style=\"font-size:16px\">短时促销：</span></strong><span style=\"font-size:16px\">你可以进行短时间内大规模的降价促销来获取尽量多的用户，以此获得更多的教学反馈来改进教学内容，提升教学经验。</span></p>\n\n<p><strong><span style=\"font-size:16px\">长线操作：</span></strong><span style=\"font-size:16px\">你也可以保质保量的高价格高质量的对待每一个学员。让他们扎实学好每一个知识点。</span></p>\n\n<p><span style=\"font-size:16px\">这两种方案没有孰优孰劣，你需要根据你当前的情况灵活改变。例如，刚开始进行教学，没有品牌，没有生源，你可以适当采用低价策略获取用户，服务好他们，让他们真正学到知识，将他们转化为你的忠实粉丝，让他们为你的课程背书。当有一定人气的时候就可以提高课程价格，以平衡学生数量上升和教学质量下降的问题。</span></p>\n\n<p>&nbsp;</p>\n\n<p><a href=\"#\" name=\"3\"><span style=\"color:#33cc99\"><strong><span style=\"font-size:16px\">三.适当推出免费课时吸引用户</span></strong></span></a></p>\n\n<p><span style=\"font-size:16px\">在创建每一课时时，都可以勾选【免费课时】，在【管理后台】-【系统】-【课程设置】-【课程】中开启免费课时允许未登录用户观看，以此让未注册的访客也能查看具体的课时内容。</span></p>\n\n<p><img alt=\"\" src=\"/files/course/2015/05-21/151332c8eaff461345.png?5.5.8\" /></p>\n\n<p><img alt=\"\" src=\"/files/course/2015/05-21/1515440ccee8808646.png?5.5.8\" /></p>\n\n<p>&nbsp;</p>\n\n<p>&nbsp;</p>\n',1,8,16);
