/*!40014 SET @OLD_UNIQUE_CHECKS=@@UNIQUE_CHECKS, UNIQUE_CHECKS=0 */;
/*!40014 SET @OLD_FOREIGN_KEY_CHECKS=@@FOREIGN_KEY_CHECKS, FOREIGN_KEY_CHECKS=0 */;
/*!40101 SET @OLD_SQL_MODE=@@SQL_MODE, SQL_MODE='NO_AUTO_VALUE_ON_ZERO' */;
/*!40111 SET @OLD_SQL_NOTES=@@SQL_NOTES, SQL_NOTES=0 */;





INSERT INTO `block` (`id`, `userId`, `title`, `mode`, `template`, `templateName`, `templateData`, `content`, `code`, `meta`, `data`, `tips`, `createdTime`, `updateTime`, `category`) VALUES (1,1,'我的账户Banner','template',NULL,'TopxiaWebBundle:Block:bill_banner.template.html.twig',NULL,'<a href=\"#\">\n  <img src=\'/assets/img/placeholder/banner-wallet.png\' alt=\'图片描述\'>\n</a>\n','bill_banner','{\"title\":\"\\u6211\\u7684\\u8d26\\u6237Banner\",\"category\":\"system\",\"templateName\":\"TopxiaWebBundle:Block:bill_banner.template.html.twig\",\"items\":{\"carousel\":{\"title\":\"\\u56fe\\u7247\",\"desc\":\"\\u5efa\\u8bae\\u4f7f\\u7528800x170\\u5927\\u5c0f\\u7684\\u56fe\\u7247\\uff0c\\u53ea\\u80fd\\u8bbe\\u7f6e\\u6dfb\\u52a0\\uff11\\u5f20\\u56fe\\u7247\\u3002\",\"count\":1,\"type\":\"imglink\",\"default\":[{\"src\":\"\\/assets\\/img\\/placeholder\\/banner-wallet.png\",\"alt\":\"\\u56fe\\u7247\\u63cf\\u8ff0\",\"href\":\"#\",\"target\":\"_self\"}]}}}','{\"carousel\":[{\"src\":\"\\/assets\\/img\\/placeholder\\/banner-wallet.png\",\"alt\":\"\\u56fe\\u7247\\u63cf\\u8ff0\",\"href\":\"#\",\"target\":\"_self\"}]}','',1439517193,1439517193,'system'),(2,1,'直播频道 - 首页 - 头部轮播图','template',NULL,'TopxiaWebBundle:Block:live_top_banner.template.html.twig',NULL,'  <a href=\"#\"><img src=\'/assets/img/placeholder/live-slide-1.jpg\'></a>\n  <a href=\"#\"><img src=\'/assets/img/placeholder/live-slide-2.jpg\'></a>\n  <a href=\"#\"><img src=\'/assets/img/placeholder/live-slide-1.jpg\'></a>\n  <a href=\"#\"><img src=\'/assets/img/placeholder/live-slide-2.jpg\'></a>\n  <a href=\"#\"><img src=\'/assets/img/placeholder/live-slide-1.jpg\'></a>\n','live_top_banner','{\"title\":\"\\u76f4\\u64ad\\u9891\\u9053 - \\u9996\\u9875 - \\u5934\\u90e8\\u8f6e\\u64ad\\u56fe\",\"category\":\"system\",\"templateName\":\"TopxiaWebBundle:Block:live_top_banner.template.html.twig\",\"items\":{\"carousel\":{\"title\":\"\\u8f6e\\u64ad\\u56fe\",\"desc\":\"\\u5efa\\u8bae\\u4f7f\\u7528715x310\\u5927\\u5c0f\\u7684\\u56fe\\u7247\\uff0c\\u6700\\u591a\\u53ef\\u8bbe\\u7f6e\\uff15\\u5f20\\u56fe\\u7247\\u3002\",\"count\":5,\"type\":\"imglink\",\"default\":[{\"src\":\"\\/assets\\/img\\/placeholder\\/live-slide-1.jpg\",\"alt\":\"\\u8f6e\\u64ad\\u56fe\\uff11\\u56fe\\u7247\\u63cf\\u8ff0\",\"href\":\"#\",\"target\":\"_self\"},{\"src\":\"\\/assets\\/img\\/placeholder\\/live-slide-2.jpg\",\"alt\":\"\\u8f6e\\u64ad\\u56fe\\uff12\\u56fe\\u7247\\u63cf\\u8ff0\",\"href\":\"#\",\"target\":\"_self\"},{\"src\":\"\\/assets\\/img\\/placeholder\\/live-slide-1.jpg\",\"alt\":\"\\u8f6e\\u64ad\\u56fe3\\u56fe\\u7247\\u63cf\\u8ff0\",\"href\":\"#\",\"target\":\"_self\"},{\"src\":\"\\/assets\\/img\\/placeholder\\/live-slide-2.jpg\",\"alt\":\"\\u8f6e\\u64ad\\u56fe4\\u56fe\\u7247\\u63cf\\u8ff0\",\"href\":\"#\",\"target\":\"_self\"},{\"src\":\"\\/assets\\/img\\/placeholder\\/live-slide-1.jpg\",\"alt\":\"\\u8f6e\\u64ad\\u56fe5\\u56fe\\u7247\\u63cf\\u8ff0\",\"href\":\"#\",\"target\":\"_self\"}]}}}','{\"carousel\":[{\"src\":\"\\/assets\\/img\\/placeholder\\/live-slide-1.jpg\",\"alt\":\"\\u8f6e\\u64ad\\u56fe\\uff11\\u56fe\\u7247\\u63cf\\u8ff0\",\"href\":\"#\",\"target\":\"_self\"},{\"src\":\"\\/assets\\/img\\/placeholder\\/live-slide-2.jpg\",\"alt\":\"\\u8f6e\\u64ad\\u56fe\\uff12\\u56fe\\u7247\\u63cf\\u8ff0\",\"href\":\"#\",\"target\":\"_self\"},{\"src\":\"\\/assets\\/img\\/placeholder\\/live-slide-1.jpg\",\"alt\":\"\\u8f6e\\u64ad\\u56fe3\\u56fe\\u7247\\u63cf\\u8ff0\",\"href\":\"#\",\"target\":\"_self\"},{\"src\":\"\\/assets\\/img\\/placeholder\\/live-slide-2.jpg\",\"alt\":\"\\u8f6e\\u64ad\\u56fe4\\u56fe\\u7247\\u63cf\\u8ff0\",\"href\":\"#\",\"target\":\"_self\"},{\"src\":\"\\/assets\\/img\\/placeholder\\/live-slide-1.jpg\",\"alt\":\"\\u8f6e\\u64ad\\u56fe5\\u56fe\\u7247\\u63cf\\u8ff0\",\"href\":\"#\",\"target\":\"_self\"}]}','',1439517193,1439517193,'system'),(3,1,'慕课主题：首页顶部.轮播图 ','template',NULL,'@theme/mooc/block/carousel.template.html.twig',NULL,'<section class=\"es-poster swiper-container\">\n  <div class=\"swiper-wrapper\">\n                                                    <div class=\"swiper-slide\" style=\"background: #3F3F3F;\">\n\n          <a href=\"http://www.edusoho.com\" target=\"_blank\" > <img src=\'/themes/mooc/img/banner1.jpg\'>\n          </a>\n\n      </div>\n                                                    <div class=\"swiper-slide\" style=\"background: #3F3F3F;\">\n\n          <a href=\"http://www.edusoho.com\" target=\"_blank\" > <img src=\'/themes/mooc/img/banner2.png\'>\n          </a>\n\n      </div>\n                                                    <div class=\"swiper-slide\" style=\"background: #3F3F3F;\">\n\n          <a href=\"http://www.edusoho.com\" target=\"_blank\" > <img src=\'/themes/mooc/img/banner3.jpg\'>\n          </a>\n\n      </div>\n      </div>\n  <div class=\"swiper-pager\"></div>\n</section>','mooc:home_top_banner','{\"title\":\"\\u6155\\u8bfe\\u4e3b\\u9898\\uff1a\\u9996\\u9875\\u9876\\u90e8.\\u8f6e\\u64ad\\u56fe \",\"category\":\"mooc\",\"templateName\":\"@theme\\/mooc\\/block\\/carousel.template.html.twig\",\"items\":{\"carousel1background\":{\"title\":\"\\u8f6e\\u64ad\\u56fe\\uff11\\u80cc\\u666f\\u989c\\u8272\",\"desc\":\"\\u4f8b\\u5982#FFFFFF\",\"count\":1,\"type\":\"text\",\"default\":[{\"value\":\"#3F3F3F\"}]},\"carousel1ground\":{\"title\":\"\\u80cc\\u666f\\u56fe\\uff11\",\"desc\":\"\\u5efa\\u8bae\\u56fe\\u7247\\u5927\\u5c0f\\u4e3a1140*570\",\"count\":1,\"type\":\"imglink\",\"default\":[{\"src\":\"\\/themes\\/jianmo\\/img\\/poster_bg.jpg\",\"alt\":\"\\u9ed8\\u8ba4\\u80cc\\u666f\\u56fe\\uff11\",\"href\":\"http:\\/\\/www.edusoho.com\",\"target\":\"_blank\"}]},\"carousel1title1\":{\"title\":\"\\u8f6e\\u64ad\\u56fe\\uff11\\u6807\\u9898\\uff11\",\"desc\":\"\",\"count\":1,\"type\":\"text\",\"default\":[{\"value\":\"\\u5168\\u65b0\\u6539\\u7248\"}]},\"carousel1title2\":{\"title\":\"\\u8f6e\\u64ad\\u56fe\\uff11\\u6807\\u9898\\uff12\",\"desc\":\"\",\"count\":1,\"type\":\"text\",\"default\":[{\"value\":\"\\u7b80\\u7ea6\\u98ce\\u683c\"}]},\"carousel1subtitle1\":{\"title\":\"\\u8f6e\\u64ad\\u56fe\\uff11\\u526f\\u6807\\u9898\\uff11\",\"desc\":\"\",\"count\":1,\"type\":\"text\",\"default\":[{\"value\":\"\\u4e13\\u6ce8\\u5b66\\u4e60\\u5185\\u5bb9\"}]},\"carousel1subtitle2\":{\"title\":\"\\u8f6e\\u64ad\\u56fe\\uff11\\u526f\\u6807\\u9898\\uff12\",\"desc\":\"\",\"count\":1,\"type\":\"text\",\"default\":[{\"value\":\"\\u63d0\\u5347\\u7528\\u6237\\u4f53\\u9a8c\"}]},\"carousel1banner\":{\"title\":\"\\u8f6e\\u64ad\\u56fe1\",\"desc\":\"\\u5efa\\u8bae\\u56fe\\u7247\\u5927\\u5c0f\\u4e3a764*412\",\"count\":1,\"type\":\"img\",\"default\":[{\"src\":\"\\/themes\\/mooc\\/img\\/banner1.jpg\",\"alt\":\"\\u9ed8\\u8ba4\\u8f6e\\u64ad\\u56fe1\"}]},\"carousel2background\":{\"title\":\"\\u8f6e\\u64ad\\u56fe\\uff12\\u80cc\\u666f\\u989c\\u8272\",\"desc\":\"\\u4f8b\\u5982#FFFFFF\",\"count\":1,\"type\":\"text\",\"default\":[{\"value\":\"#3F3F3F\"}]},\"carousel2ground\":{\"title\":\"\\u80cc\\u666f\\u56fe\\uff12\",\"desc\":\"\\u5efa\\u8bae\\u56fe\\u7247\\u5927\\u5c0f\\u4e3a1140*570\",\"count\":1,\"type\":\"imglink\",\"default\":[{\"src\":\"\\/themes\\/jianmo\\/img\\/poster_bg.jpg\",\"alt\":\"\\u9ed8\\u8ba4\\u80cc\\u666f\\u56fe\\uff12\",\"href\":\"http:\\/\\/www.edusoho.com\",\"target\":\"_blank\"}]},\"carousel2title1\":{\"title\":\"\\u8f6e\\u64ad\\u56fe\\uff12\\u6807\\u9898\\uff11\",\"desc\":\"\",\"count\":1,\"type\":\"text\",\"default\":[{\"value\":\"\\u5168\\u65b0\\u6539\\u7248\"}]},\"carousel2title2\":{\"title\":\"\\u8f6e\\u64ad\\u56fe\\uff12\\u6807\\u9898\\uff12\",\"desc\":\"\",\"count\":1,\"type\":\"text\",\"default\":[{\"value\":\"\\u7b80\\u7ea6\\u98ce\\u683c\"}]},\"carousel2subtitle1\":{\"title\":\"\\u8f6e\\u64ad\\u56fe\\uff12\\u526f\\u6807\\u9898\\uff11\",\"desc\":\"\",\"count\":1,\"type\":\"text\",\"default\":[{\"value\":\"\\u4e13\\u6ce8\\u5b66\\u4e60\\u5185\\u5bb9\"}]},\"carousel2subtitle2\":{\"title\":\"\\u8f6e\\u64ad\\u56fe\\uff12\\u526f\\u6807\\u9898\\uff12\",\"desc\":\"\",\"count\":1,\"type\":\"text\",\"default\":[{\"value\":\"\\u63d0\\u5347\\u7528\\u6237\\u4f53\\u9a8c\"}]},\"carousel2banner\":{\"title\":\"\\u8f6e\\u64ad\\u56fe1\",\"desc\":\"\\u5efa\\u8bae\\u56fe\\u7247\\u5927\\u5c0f\\u4e3a764*412\",\"count\":1,\"type\":\"img\",\"default\":[{\"src\":\"\\/themes\\/mooc\\/img\\/banner2.png\",\"alt\":\"\\u9ed8\\u8ba4\\u8f6e\\u64ad\\u56fe\\uff12\"}]},\"carousel3background\":{\"title\":\"\\u8f6e\\u64ad\\u56fe\\uff13\\u80cc\\u666f\\u989c\\u8272\",\"desc\":\"\\u4f8b\\u5982#FFFFFF\",\"count\":1,\"type\":\"text\",\"default\":[{\"value\":\"#3F3F3F\"}]},\"carousel3ground\":{\"title\":\"\\u80cc\\u666f\\u56fe\\uff13\",\"desc\":\"\\u5efa\\u8bae\\u56fe\\u7247\\u5927\\u5c0f\\u4e3a1140*570\",\"count\":1,\"type\":\"imglink\",\"default\":[{\"src\":\"\\/themes\\/jianmo\\/img\\/poster_bg.jpg\",\"alt\":\"\\u9ed8\\u8ba4\\u80cc\\u666f\\u56fe\\uff13\",\"href\":\"http:\\/\\/www.edusoho.com\",\"target\":\"_blank\"}]},\"carousel3title1\":{\"title\":\"\\u8f6e\\u64ad\\u56fe\\uff13\\u6807\\u9898\\uff11\",\"desc\":\"\",\"count\":1,\"type\":\"text\",\"default\":[{\"value\":\"\\u5168\\u65b0\\u6539\\u7248\"}]},\"carousel3title2\":{\"title\":\"\\u8f6e\\u64ad\\u56fe\\uff13\\u6807\\u9898\\uff12\",\"desc\":\"\",\"count\":1,\"type\":\"text\",\"default\":[{\"value\":\"\\u7b80\\u7ea6\\u98ce\\u683c\"}]},\"carousel3subtitle1\":{\"title\":\"\\u8f6e\\u64ad\\u56fe\\uff13\\u526f\\u6807\\u9898\\uff11\",\"desc\":\"\",\"count\":1,\"type\":\"text\",\"default\":[{\"value\":\"\\u4e13\\u6ce8\\u5b66\\u4e60\\u5185\\u5bb9\"}]},\"carousel3subtitle2\":{\"title\":\"\\u8f6e\\u64ad\\u56fe\\uff13\\u526f\\u6807\\u9898\\uff12\",\"desc\":\"\",\"count\":1,\"type\":\"text\",\"default\":[{\"value\":\"\\u63d0\\u5347\\u7528\\u6237\\u4f53\\u9a8c\"}]},\"carousel3banner\":{\"title\":\"\\u8f6e\\u64ad\\u56fe\\uff13\",\"desc\":\"\\u5efa\\u8bae\\u56fe\\u7247\\u5927\\u5c0f\\u4e3a764*412\",\"count\":1,\"type\":\"img\",\"default\":[{\"src\":\"\\/themes\\/mooc\\/img\\/banner3.jpg\",\"alt\":\"\\u9ed8\\u8ba4\\u8f6e\\u64ad\\u56fe\\uff13\"}]}}}','{\"carousel1background\":[{\"value\":\"#3F3F3F\"}],\"carousel1ground\":[{\"src\":\"\\/themes\\/jianmo\\/img\\/poster_bg.jpg\",\"alt\":\"\\u9ed8\\u8ba4\\u80cc\\u666f\\u56fe\\uff11\",\"href\":\"http:\\/\\/www.edusoho.com\",\"target\":\"_blank\"}],\"carousel1title1\":[{\"value\":\"\\u5168\\u65b0\\u6539\\u7248\"}],\"carousel1title2\":[{\"value\":\"\\u7b80\\u7ea6\\u98ce\\u683c\"}],\"carousel1subtitle1\":[{\"value\":\"\\u4e13\\u6ce8\\u5b66\\u4e60\\u5185\\u5bb9\"}],\"carousel1subtitle2\":[{\"value\":\"\\u63d0\\u5347\\u7528\\u6237\\u4f53\\u9a8c\"}],\"carousel1banner\":[{\"src\":\"\\/themes\\/mooc\\/img\\/banner1.jpg\",\"alt\":\"\\u9ed8\\u8ba4\\u8f6e\\u64ad\\u56fe1\"}],\"carousel2background\":[{\"value\":\"#3F3F3F\"}],\"carousel2ground\":[{\"src\":\"\\/themes\\/jianmo\\/img\\/poster_bg.jpg\",\"alt\":\"\\u9ed8\\u8ba4\\u80cc\\u666f\\u56fe\\uff12\",\"href\":\"http:\\/\\/www.edusoho.com\",\"target\":\"_blank\"}],\"carousel2title1\":[{\"value\":\"\\u5168\\u65b0\\u6539\\u7248\"}],\"carousel2title2\":[{\"value\":\"\\u7b80\\u7ea6\\u98ce\\u683c\"}],\"carousel2subtitle1\":[{\"value\":\"\\u4e13\\u6ce8\\u5b66\\u4e60\\u5185\\u5bb9\"}],\"carousel2subtitle2\":[{\"value\":\"\\u63d0\\u5347\\u7528\\u6237\\u4f53\\u9a8c\"}],\"carousel2banner\":[{\"src\":\"\\/themes\\/mooc\\/img\\/banner2.png\",\"alt\":\"\\u9ed8\\u8ba4\\u8f6e\\u64ad\\u56fe\\uff12\"}],\"carousel3background\":[{\"value\":\"#3F3F3F\"}],\"carousel3ground\":[{\"src\":\"\\/themes\\/jianmo\\/img\\/poster_bg.jpg\",\"alt\":\"\\u9ed8\\u8ba4\\u80cc\\u666f\\u56fe\\uff13\",\"href\":\"http:\\/\\/www.edusoho.com\",\"target\":\"_blank\"}],\"carousel3title1\":[{\"value\":\"\\u5168\\u65b0\\u6539\\u7248\"}],\"carousel3title2\":[{\"value\":\"\\u7b80\\u7ea6\\u98ce\\u683c\"}],\"carousel3subtitle1\":[{\"value\":\"\\u4e13\\u6ce8\\u5b66\\u4e60\\u5185\\u5bb9\"}],\"carousel3subtitle2\":[{\"value\":\"\\u63d0\\u5347\\u7528\\u6237\\u4f53\\u9a8c\"}],\"carousel3banner\":[{\"src\":\"\\/themes\\/mooc\\/img\\/banner3.jpg\",\"alt\":\"\\u9ed8\\u8ba4\\u8f6e\\u64ad\\u56fe\\uff13\"}]}','',1439517193,1439517193,'mooc'),(4,1,'默认主题：首页中部.横幅','template',NULL,'@theme/mooc/block/middle_banner.template.html.twig',NULL,'<section class=\"introduction-section\">\n  <div class=\"container hidden-xs\">\n    <div class=\"row\">\n                                      <div class=\"col-md-4 col-sm-4 col-xs-12 introduction-item\">\n          <img src=\'/assets/v2/img/icon_introduction_1.png\'>\n          <h4>网校功能强大</h4>\n          <h5>一万多家网校共同选择，值得信赖</h5>\n        </div>\n                                      <div class=\"col-md-4 col-sm-4 col-xs-12 introduction-item\">\n          <img src=\'/assets/v2/img/icon_introduction_2.png\'>\n          <h4>响应式页面技术</h4>\n          <h5>采用响应式技术，完美适配任意终端</h5>\n        </div>\n                                      <div class=\"col-md-4 col-sm-4 col-xs-12 introduction-item\">\n          <img src=\'/assets/v2/img/icon_introduction_3.png\'>\n          <h4>教育云服务支持</h4>\n          <h5>强力教育云支持，免除你的后顾之忧</h5>\n        </div>\n          </div>\n  </div>\n</section>','mooc:middle_banner','{\"title\":\"\\u9ed8\\u8ba4\\u4e3b\\u9898\\uff1a\\u9996\\u9875\\u4e2d\\u90e8.\\u6a2a\\u5e45\",\"category\":\"mooc\",\"templateName\":\"@theme\\/mooc\\/block\\/middle_banner.template.html.twig\",\"items\":{\"icon1\":{\"title\":\"\\u4e2d\\u90e8\\u56fe\\u6807\\uff11\",\"desc\":\"\\u5efa\\u8bae\\u56fe\\u7247\\u5927\\u5c0f\\u4e3a130*130\",\"count\":1,\"type\":\"img\",\"default\":[{\"src\":\"\\/assets\\/v2\\/img\\/icon_introduction_1.png\",\"alt\":\"\\u4e2d\\u90e8\\u6a2a\\u5e45\"}]},\"icon1title\":{\"title\":\"\\u56fe\\u6807\\uff11\\u6807\\u9898\",\"desc\":\"\",\"count\":1,\"type\":\"text\",\"default\":[{\"value\":\"\\u7f51\\u6821\\u529f\\u80fd\\u5f3a\\u5927\"}]},\"icon1introduction\":{\"title\":\"\\u56fe\\u6807\\uff11\\u4ecb\\u7ecd\",\"desc\":\"\",\"count\":1,\"type\":\"textarea\",\"default\":[{\"value\":\"\\u4e00\\u4e07\\u591a\\u5bb6\\u7f51\\u6821\\u5171\\u540c\\u9009\\u62e9\\uff0c\\u503c\\u5f97\\u4fe1\\u8d56\"}]},\"icon2\":{\"title\":\"\\u4e2d\\u90e8\\u56fe\\u6807\\uff12\",\"desc\":\"\\u5efa\\u8bae\\u56fe\\u7247\\u5927\\u5c0f\\u4e3a130*130\",\"count\":1,\"type\":\"img\",\"default\":[{\"src\":\"\\/assets\\/v2\\/img\\/icon_introduction_2.png\",\"alt\":\"\\u4e2d\\u90e8\\u6a2a\\u5e45\"}]},\"icon2title\":{\"title\":\"\\u56fe\\u6807\\uff12\\u6807\\u9898\",\"desc\":\"\",\"count\":1,\"type\":\"text\",\"default\":[{\"value\":\"\\u54cd\\u5e94\\u5f0f\\u9875\\u9762\\u6280\\u672f\"}]},\"icon2introduction\":{\"title\":\"\\u56fe\\u6807\\uff12\\u4ecb\\u7ecd\",\"desc\":\"\",\"count\":1,\"type\":\"textarea\",\"default\":[{\"value\":\"\\u91c7\\u7528\\u54cd\\u5e94\\u5f0f\\u6280\\u672f\\uff0c\\u5b8c\\u7f8e\\u9002\\u914d\\u4efb\\u610f\\u7ec8\\u7aef\"}]},\"icon3\":{\"title\":\"\\u4e2d\\u90e8\\u56fe\\u6807\\uff13\",\"desc\":\"\\u5efa\\u8bae\\u56fe\\u7247\\u5927\\u5c0f\\u4e3a130*130\",\"count\":1,\"type\":\"img\",\"default\":[{\"src\":\"\\/assets\\/v2\\/img\\/icon_introduction_3.png\",\"alt\":\"\\u4e2d\\u90e8\\u6a2a\\u5e45\"}]},\"icon3title\":{\"title\":\"\\u56fe\\u6807\\uff13\\u6807\\u9898\",\"desc\":\"\",\"count\":1,\"type\":\"text\",\"default\":[{\"value\":\"\\u6559\\u80b2\\u4e91\\u670d\\u52a1\\u652f\\u6301\"}]},\"icon3introduction\":{\"title\":\"\\u56fe\\u6807\\uff13\\u4ecb\\u7ecd\",\"desc\":\"\",\"count\":1,\"type\":\"textarea\",\"default\":[{\"value\":\"\\u5f3a\\u529b\\u6559\\u80b2\\u4e91\\u652f\\u6301\\uff0c\\u514d\\u9664\\u4f60\\u7684\\u540e\\u987e\\u4e4b\\u5fe7\"}]}}}','{\"icon1\":[{\"src\":\"\\/assets\\/v2\\/img\\/icon_introduction_1.png\",\"alt\":\"\\u4e2d\\u90e8\\u6a2a\\u5e45\"}],\"icon1title\":[{\"value\":\"\\u7f51\\u6821\\u529f\\u80fd\\u5f3a\\u5927\"}],\"icon1introduction\":[{\"value\":\"\\u4e00\\u4e07\\u591a\\u5bb6\\u7f51\\u6821\\u5171\\u540c\\u9009\\u62e9\\uff0c\\u503c\\u5f97\\u4fe1\\u8d56\"}],\"icon2\":[{\"src\":\"\\/assets\\/v2\\/img\\/icon_introduction_2.png\",\"alt\":\"\\u4e2d\\u90e8\\u6a2a\\u5e45\"}],\"icon2title\":[{\"value\":\"\\u54cd\\u5e94\\u5f0f\\u9875\\u9762\\u6280\\u672f\"}],\"icon2introduction\":[{\"value\":\"\\u91c7\\u7528\\u54cd\\u5e94\\u5f0f\\u6280\\u672f\\uff0c\\u5b8c\\u7f8e\\u9002\\u914d\\u4efb\\u610f\\u7ec8\\u7aef\"}],\"icon3\":[{\"src\":\"\\/assets\\/v2\\/img\\/icon_introduction_3.png\",\"alt\":\"\\u4e2d\\u90e8\\u6a2a\\u5e45\"}],\"icon3title\":[{\"value\":\"\\u6559\\u80b2\\u4e91\\u670d\\u52a1\\u652f\\u6301\"}],\"icon3introduction\":[{\"value\":\"\\u5f3a\\u529b\\u6559\\u80b2\\u4e91\\u652f\\u6301\\uff0c\\u514d\\u9664\\u4f60\\u7684\\u540e\\u987e\\u4e4b\\u5fe7\"}]}','',1439517193,1439517193,'mooc'),(5,1,'默认主题: 首页底部.链接区域','template',NULL,'@theme/mooc/block/bottom_info.template.html.twig',NULL,'<div class=\"col-md-8 footer-main clearfix\">\n  <div class=\"link-item \">\n  <h3>我是学生</h3>\n  <ul>\n          <li>\n        <a href=\"http://www.qiqiuyu.com/course/347/learn#lesson/673\" target=\"_blank\">如何注册</a>\n      </li>\n          <li>\n        <a href=\"http://www.qiqiuyu.com/course/347/learn#lesson/705\" target=\"_blank\">如何学习</a>\n      </li>\n          <li>\n        <a href=\"http://www.qiqiuyu.com/course/347/learn#lesson/811\" target=\"_blank\">如何互动</a>\n      </li>\n      </ul>\n</div>\n\n  <div class=\"link-item \">\n  <h3>我是老师</h3>\n  <ul>\n          <li>\n        <a href=\"http://www.qiqiuyu.com/course/22\" target=\"_blank\">发布课程</a>\n      </li>\n          <li>\n        <a href=\"http://www.qiqiuyu.com/course/147\" target=\"_blank\">使用题库</a>\n      </li>\n          <li>\n        <a href=\"http://www.qiqiuyu.com/course/372\" target=\"_blank\">教学资料库</a>\n      </li>\n      </ul>\n</div>\n\n  <div class=\"link-item \">\n  <h3>我是管理员</h3>\n  <ul>\n          <li>\n        <a href=\"http://www.qiqiuyu.com/course/340\" target=\"_blank\">系统设置</a>\n      </li>\n          <li>\n        <a href=\"http://www.qiqiuyu.com/course/341\" target=\"_blank\">课程设置</a>\n      </li>\n          <li>\n        <a href=\"http://www.qiqiuyu.com/course/343\" target=\"_blank\">用户管理</a>\n      </li>\n      </ul>\n</div>\n\n  <div class=\"link-item hidden-xs\">\n  <h3>商业应用</h3>\n  <ul>\n          <li>\n        <a href=\"http://www.qiqiuyu.com/course/232/learn#lesson/358\" target=\"_blank\">会员专区</a>\n      </li>\n          <li>\n        <a href=\"http://www.qiqiuyu.com/course/232/learn#lesson/467\" target=\"_blank\">题库增强版</a>\n      </li>\n          <li>\n        <a href=\"http://www.qiqiuyu.com/course/380\" target=\"_blank\">用户导入导出</a>\n      </li>\n      </ul>\n</div>\n\n  <div class=\"link-item hidden-xs\">\n  <h3>关于我们</h3>\n  <ul>\n          <li>\n        <a href=\"http://www.edusoho.com/\" target=\"_blank\">ES官网</a>\n      </li>\n          <li>\n        <a href=\"http://weibo.com/qiqiuyu/profile?rightmod=1&amp;wvr=6&amp;mod=personinfo\" target=\"_blank\">官方微博</a>\n      </li>\n          <li>\n        <a href=\"http://www.edusoho.com/abouts/joinus\" target=\"_blank\">加入我们</a>\n      </li>\n      </ul>\n</div>\n\n</div>\n\n<div class=\"col-md-4 footer-logo hidden-sm hidden-xs\">\n  <a class=\"\" href=\"http://www.edusoho.com\" target=\"_blank\"><img src=\'/assets/v2/img/bottom_logo.png\' alt=\'建议图片大小为233*64\'></a>\n  <div class=\"footer-sns\">\n        <a href=\"http://weibo.com/edusoho\" target=\"_blank\"><i class=\"es-icon es-icon-weibo\"></i></a>\n            <a class=\"icon-sns\">\n      <i class=\"es-icon es-icon-weixin\"></i>\n      <div class=\"sns-popover\">\n        <img src=\'/assets/img/default/weixin.png\' alt=\'\'>  \n      </div>\n    </a>\n            <a class=\"icon-sns\">\n      <i class=\"es-icon es-icon-apple\"></i>\n      <div class=\"sns-popover\">\n        <img src=\'/assets/img/default/apple.png\' alt=\'\'> \n      </div>\n    </a>\n            <a class=\"icon-sns\">\n      <i class=\"es-icon es-icon-android\"></i>\n      <div class=\"sns-popover\">\n        <img src=\'/assets/img/default/android.png\' alt=\'\'> \n      </div>\n    </a>\n      </div>\n</div>\n\n\n','mooc:bottom_info','{\"title\":\"\\u9ed8\\u8ba4\\u4e3b\\u9898: \\u9996\\u9875\\u5e95\\u90e8.\\u94fe\\u63a5\\u533a\\u57df\",\"category\":\"mooc\",\"templateName\":\"@theme\\/mooc\\/block\\/bottom_info.template.html.twig\",\"items\":{\"firstColumnText\":{\"title\":\"\\u7b2c\\uff11\\u5217\\u94fe\\u63a5\\u6807\\u9898\",\"desc\":\"\",\"count\":1,\"type\":\"text\",\"default\":[{\"value\":\"\\u6211\\u662f\\u5b66\\u751f\"}]},\"firstColumnLinks\":{\"title\":\"\\u7b2c\\uff11\\u5217\\u94fe\\u63a5\",\"desc\":\"\",\"count\":5,\"type\":\"link\",\"default\":[{\"value\":\"\\u5982\\u4f55\\u6ce8\\u518c\",\"href\":\"http:\\/\\/www.qiqiuyu.com\\/course\\/347\\/learn#lesson\\/673\",\"target\":\"_blank\"},{\"value\":\"\\u5982\\u4f55\\u5b66\\u4e60\",\"href\":\"http:\\/\\/www.qiqiuyu.com\\/course\\/347\\/learn#lesson\\/705\",\"target\":\"_blank\"},{\"value\":\"\\u5982\\u4f55\\u4e92\\u52a8\",\"href\":\"http:\\/\\/www.qiqiuyu.com\\/course\\/347\\/learn#lesson\\/811\",\"target\":\"_blank\"}]},\"secondColumnText\":{\"title\":\"\\u7b2c\\uff12\\u5217\\u94fe\\u63a5\\u6807\\u9898\",\"desc\":\"\",\"count\":1,\"type\":\"text\",\"default\":[{\"value\":\"\\u6211\\u662f\\u8001\\u5e08\"}]},\"secondColumnLinks\":{\"title\":\"\\u7b2c\\uff12\\u5217\\u94fe\\u63a5\",\"desc\":\"\",\"count\":5,\"type\":\"link\",\"default\":[{\"value\":\"\\u53d1\\u5e03\\u8bfe\\u7a0b\",\"href\":\"http:\\/\\/www.qiqiuyu.com\\/course\\/22\",\"target\":\"_blank\"},{\"value\":\"\\u4f7f\\u7528\\u9898\\u5e93\",\"href\":\"http:\\/\\/www.qiqiuyu.com\\/course\\/147\",\"target\":\"_blank\"},{\"value\":\"\\u6559\\u5b66\\u8d44\\u6599\\u5e93\",\"href\":\"http:\\/\\/www.qiqiuyu.com\\/course\\/372\",\"target\":\"_blank\"}]},\"thirdColumnText\":{\"title\":\"\\u7b2c\\uff13\\u5217\\u94fe\\u63a5\\u6807\\u9898\",\"desc\":\"\",\"count\":1,\"type\":\"text\",\"default\":[{\"value\":\"\\u6211\\u662f\\u7ba1\\u7406\\u5458\"}]},\"thirdColumnLinks\":{\"title\":\"\\u7b2c\\uff13\\u5217\\u94fe\\u63a5\",\"desc\":\"\",\"count\":5,\"type\":\"link\",\"default\":[{\"value\":\"\\u7cfb\\u7edf\\u8bbe\\u7f6e\",\"href\":\"http:\\/\\/www.qiqiuyu.com\\/course\\/340\",\"target\":\"_blank\"},{\"value\":\"\\u8bfe\\u7a0b\\u8bbe\\u7f6e\",\"href\":\"http:\\/\\/www.qiqiuyu.com\\/course\\/341\",\"target\":\"_blank\"},{\"value\":\"\\u7528\\u6237\\u7ba1\\u7406\",\"href\":\"http:\\/\\/www.qiqiuyu.com\\/course\\/343\",\"target\":\"_blank\"}]},\"fourthColumnText\":{\"title\":\"\\u7b2c\\uff14\\u5217\\u94fe\\u63a5\\u6807\\u9898\",\"desc\":\"\",\"count\":1,\"type\":\"text\",\"default\":[{\"value\":\"\\u5546\\u4e1a\\u5e94\\u7528\"}]},\"fourthColumnLinks\":{\"title\":\"\\u7b2c\\uff14\\u5217\\u94fe\\u63a5\\u6807\\u9898\",\"desc\":\"\",\"count\":5,\"type\":\"link\",\"default\":[{\"value\":\"\\u4f1a\\u5458\\u4e13\\u533a\",\"href\":\"http:\\/\\/www.qiqiuyu.com\\/course\\/232\\/learn#lesson\\/358\",\"target\":\"_blank\"},{\"value\":\"\\u9898\\u5e93\\u589e\\u5f3a\\u7248\",\"href\":\"http:\\/\\/www.qiqiuyu.com\\/course\\/232\\/learn#lesson\\/467\",\"target\":\"_blank\"},{\"value\":\"\\u7528\\u6237\\u5bfc\\u5165\\u5bfc\\u51fa\",\"href\":\"http:\\/\\/www.qiqiuyu.com\\/course\\/380\",\"target\":\"_blank\"}]},\"fifthColumnText\":{\"title\":\"\\u7b2c\\uff15\\u5217\\u94fe\\u63a5\\u6807\\u9898\",\"desc\":\"\",\"count\":1,\"type\":\"text\",\"default\":[{\"value\":\"\\u5173\\u4e8e\\u6211\\u4eec\"}]},\"fifthColumnLinks\":{\"title\":\"\\u7b2c\\uff15\\u5217\\u94fe\\u63a5\\u6807\\u9898\",\"desc\":\"\",\"count\":5,\"type\":\"link\",\"default\":[{\"value\":\"ES\\u5b98\\u7f51\",\"href\":\"http:\\/\\/www.edusoho.com\\/\",\"target\":\"_blank\"},{\"value\":\"\\u5b98\\u65b9\\u5fae\\u535a\",\"href\":\"http:\\/\\/weibo.com\\/qiqiuyu\\/profile?rightmod=1&wvr=6&mod=personinfo\",\"target\":\"_blank\"},{\"value\":\"\\u52a0\\u5165\\u6211\\u4eec\",\"href\":\"http:\\/\\/www.edusoho.com\\/abouts\\/joinus\",\"target\":\"_blank\"}]},\"bottomLogo\":{\"title\":\"\\u5e95\\u90e8Logo\",\"desc\":\"\\u5efa\\u8bae\\u56fe\\u7247\\u5927\\u5c0f\\u4e3a233*64\",\"count\":1,\"type\":\"imglink\",\"default\":[{\"src\":\"\\/assets\\/v2\\/img\\/bottom_logo.png\",\"alt\":\"\\u5efa\\u8bae\\u56fe\\u7247\\u5927\\u5c0f\\u4e3a233*64\",\"href\":\"http:\\/\\/www.edusoho.com\",\"target\":\"_blank\"}]},\"weibo\":{\"title\":\"\\u5e95\\u90e8\\u5fae\\u535a\\u94fe\\u63a5\",\"desc\":\"\\u586b\\u5165\\u7f51\\u6821\\u7684\\u5fae\\u535a\\u9996\\u9875\\u5730\\u5740\",\"count\":1,\"type\":\"link\",\"default\":[{\"value\":\"\\u5fae\\u535a\\u9996\\u9875\",\"href\":\"http:\\/\\/weibo.com\\/edusoho\",\"target\":\"_blank\"}]},\"weixin\":{\"title\":\"\\u5e95\\u90e8\\u5fae\\u4fe1\\u516c\\u4f17\\u53f7\",\"desc\":\"\\u4e0a\\u4f20\\u7f51\\u6821\\u7684\\u5fae\\u4fe1\\u516c\\u4f17\\u53f7\\u7684\\u4e8c\\u7ef4\\u7801\",\"count\":1,\"type\":\"img\",\"default\":[{\"src\":\"\\/assets\\/img\\/default\\/weixin.png\",\"alt\":\"\\u5fae\\u4fe1\\u516c\\u4f17\\u53f7\"}]},\"apple\":{\"title\":\"\\u5e95\\u90e8iOS\\u7248APP\\u4e0b\\u8f7d\\u4e8c\\u7ef4\\u7801\",\"desc\":\"\\u4e0a\\u4f20\\u7f51\\u6821\\u7684iOS\\u7248APP\\u4e0b\\u8f7d\\u4e8c\\u7ef4\\u7801\",\"count\":1,\"type\":\"img\",\"default\":[{\"src\":\"\\/assets\\/img\\/default\\/apple.png\",\"alt\":\"\\u7f51\\u6821\\u7684iOS\\u7248APP\"}]},\"android\":{\"title\":\"\\u5e95\\u90e8Android\\u7248APP\\u4e0b\\u8f7d\\u4e8c\\u7ef4\\u7801\",\"desc\":\"\\u4e0a\\u4f20\\u7f51\\u6821\\u7684Android\\u7248APP\\u4e0b\\u8f7d\\u4e8c\\u7ef4\\u7801\",\"count\":1,\"type\":\"img\",\"default\":[{\"src\":\"\\/assets\\/img\\/default\\/android.png\",\"alt\":\"\\u7f51\\u6821\\u7684Android\\u7248APP\"}]}}}','{\"firstColumnText\":[{\"value\":\"\\u6211\\u662f\\u5b66\\u751f\"}],\"firstColumnLinks\":[{\"value\":\"\\u5982\\u4f55\\u6ce8\\u518c\",\"href\":\"http:\\/\\/www.qiqiuyu.com\\/course\\/347\\/learn#lesson\\/673\",\"target\":\"_blank\"},{\"value\":\"\\u5982\\u4f55\\u5b66\\u4e60\",\"href\":\"http:\\/\\/www.qiqiuyu.com\\/course\\/347\\/learn#lesson\\/705\",\"target\":\"_blank\"},{\"value\":\"\\u5982\\u4f55\\u4e92\\u52a8\",\"href\":\"http:\\/\\/www.qiqiuyu.com\\/course\\/347\\/learn#lesson\\/811\",\"target\":\"_blank\"}],\"secondColumnText\":[{\"value\":\"\\u6211\\u662f\\u8001\\u5e08\"}],\"secondColumnLinks\":[{\"value\":\"\\u53d1\\u5e03\\u8bfe\\u7a0b\",\"href\":\"http:\\/\\/www.qiqiuyu.com\\/course\\/22\",\"target\":\"_blank\"},{\"value\":\"\\u4f7f\\u7528\\u9898\\u5e93\",\"href\":\"http:\\/\\/www.qiqiuyu.com\\/course\\/147\",\"target\":\"_blank\"},{\"value\":\"\\u6559\\u5b66\\u8d44\\u6599\\u5e93\",\"href\":\"http:\\/\\/www.qiqiuyu.com\\/course\\/372\",\"target\":\"_blank\"}],\"thirdColumnText\":[{\"value\":\"\\u6211\\u662f\\u7ba1\\u7406\\u5458\"}],\"thirdColumnLinks\":[{\"value\":\"\\u7cfb\\u7edf\\u8bbe\\u7f6e\",\"href\":\"http:\\/\\/www.qiqiuyu.com\\/course\\/340\",\"target\":\"_blank\"},{\"value\":\"\\u8bfe\\u7a0b\\u8bbe\\u7f6e\",\"href\":\"http:\\/\\/www.qiqiuyu.com\\/course\\/341\",\"target\":\"_blank\"},{\"value\":\"\\u7528\\u6237\\u7ba1\\u7406\",\"href\":\"http:\\/\\/www.qiqiuyu.com\\/course\\/343\",\"target\":\"_blank\"}],\"fourthColumnText\":[{\"value\":\"\\u5546\\u4e1a\\u5e94\\u7528\"}],\"fourthColumnLinks\":[{\"value\":\"\\u4f1a\\u5458\\u4e13\\u533a\",\"href\":\"http:\\/\\/www.qiqiuyu.com\\/course\\/232\\/learn#lesson\\/358\",\"target\":\"_blank\"},{\"value\":\"\\u9898\\u5e93\\u589e\\u5f3a\\u7248\",\"href\":\"http:\\/\\/www.qiqiuyu.com\\/course\\/232\\/learn#lesson\\/467\",\"target\":\"_blank\"},{\"value\":\"\\u7528\\u6237\\u5bfc\\u5165\\u5bfc\\u51fa\",\"href\":\"http:\\/\\/www.qiqiuyu.com\\/course\\/380\",\"target\":\"_blank\"}],\"fifthColumnText\":[{\"value\":\"\\u5173\\u4e8e\\u6211\\u4eec\"}],\"fifthColumnLinks\":[{\"value\":\"ES\\u5b98\\u7f51\",\"href\":\"http:\\/\\/www.edusoho.com\\/\",\"target\":\"_blank\"},{\"value\":\"\\u5b98\\u65b9\\u5fae\\u535a\",\"href\":\"http:\\/\\/weibo.com\\/qiqiuyu\\/profile?rightmod=1&wvr=6&mod=personinfo\",\"target\":\"_blank\"},{\"value\":\"\\u52a0\\u5165\\u6211\\u4eec\",\"href\":\"http:\\/\\/www.edusoho.com\\/abouts\\/joinus\",\"target\":\"_blank\"}],\"bottomLogo\":[{\"src\":\"\\/assets\\/v2\\/img\\/bottom_logo.png\",\"alt\":\"\\u5efa\\u8bae\\u56fe\\u7247\\u5927\\u5c0f\\u4e3a233*64\",\"href\":\"http:\\/\\/www.edusoho.com\",\"target\":\"_blank\"}],\"weibo\":[{\"value\":\"\\u5fae\\u535a\\u9996\\u9875\",\"href\":\"http:\\/\\/weibo.com\\/edusoho\",\"target\":\"_blank\"}],\"weixin\":[{\"src\":\"\\/assets\\/img\\/default\\/weixin.png\",\"alt\":\"\\u5fae\\u4fe1\\u516c\\u4f17\\u53f7\"}],\"apple\":[{\"src\":\"\\/assets\\/img\\/default\\/apple.png\",\"alt\":\"\\u7f51\\u6821\\u7684iOS\\u7248APP\"}],\"android\":[{\"src\":\"\\/assets\\/img\\/default\\/android.png\",\"alt\":\"\\u7f51\\u6821\\u7684Android\\u7248APP\"}]}','',1439517193,1439517193,'mooc');

INSERT INTO `block_history` (`id`, `blockId`, `templateData`, `data`, `content`, `userId`, `createdTime`) VALUES (1,1,NULL,NULL,'<a href=\"#\">\n  <img src=\'/assets/img/placeholder/banner-wallet.png\' alt=\'图片描述\'>\n</a>\n',1,1439517193),(2,2,NULL,NULL,'  <a href=\"#\"><img src=\'/assets/img/placeholder/live-slide-1.jpg\'></a>\n  <a href=\"#\"><img src=\'/assets/img/placeholder/live-slide-2.jpg\'></a>\n  <a href=\"#\"><img src=\'/assets/img/placeholder/live-slide-1.jpg\'></a>\n  <a href=\"#\"><img src=\'/assets/img/placeholder/live-slide-2.jpg\'></a>\n  <a href=\"#\"><img src=\'/assets/img/placeholder/live-slide-1.jpg\'></a>\n',1,1439517193),(3,3,NULL,NULL,'<section class=\"es-poster swiper-container\">\n  <div class=\"swiper-wrapper\">\n                                                    <div class=\"swiper-slide\" style=\"background: #3F3F3F;\">\n\n          <a href=\"http://www.edusoho.com\" target=\"_blank\" > <img src=\'/themes/mooc/img/banner1.jpg\'>\n          </a>\n\n      </div>\n                                                    <div class=\"swiper-slide\" style=\"background: #3F3F3F;\">\n\n          <a href=\"http://www.edusoho.com\" target=\"_blank\" > <img src=\'/themes/mooc/img/banner2.png\'>\n          </a>\n\n      </div>\n                                                    <div class=\"swiper-slide\" style=\"background: #3F3F3F;\">\n\n          <a href=\"http://www.edusoho.com\" target=\"_blank\" > <img src=\'/themes/mooc/img/banner3.jpg\'>\n          </a>\n\n      </div>\n      </div>\n  <div class=\"swiper-pager\"></div>\n</section>',1,1439517193),(4,4,NULL,NULL,'<section class=\"introduction-section\">\n  <div class=\"container hidden-xs\">\n    <div class=\"row\">\n                                      <div class=\"col-md-4 col-sm-4 col-xs-12 introduction-item\">\n          <img src=\'/assets/v2/img/icon_introduction_1.png\'>\n          <h4>网校功能强大</h4>\n          <h5>一万多家网校共同选择，值得信赖</h5>\n        </div>\n                                      <div class=\"col-md-4 col-sm-4 col-xs-12 introduction-item\">\n          <img src=\'/assets/v2/img/icon_introduction_2.png\'>\n          <h4>响应式页面技术</h4>\n          <h5>采用响应式技术，完美适配任意终端</h5>\n        </div>\n                                      <div class=\"col-md-4 col-sm-4 col-xs-12 introduction-item\">\n          <img src=\'/assets/v2/img/icon_introduction_3.png\'>\n          <h4>教育云服务支持</h4>\n          <h5>强力教育云支持，免除你的后顾之忧</h5>\n        </div>\n          </div>\n  </div>\n</section>',1,1439517193),(5,5,NULL,NULL,'<div class=\"col-md-8 footer-main clearfix\">\n  <div class=\"link-item \">\n  <h3>我是学生</h3>\n  <ul>\n          <li>\n        <a href=\"http://www.qiqiuyu.com/course/347/learn#lesson/673\" target=\"_blank\">如何注册</a>\n      </li>\n          <li>\n        <a href=\"http://www.qiqiuyu.com/course/347/learn#lesson/705\" target=\"_blank\">如何学习</a>\n      </li>\n          <li>\n        <a href=\"http://www.qiqiuyu.com/course/347/learn#lesson/811\" target=\"_blank\">如何互动</a>\n      </li>\n      </ul>\n</div>\n\n  <div class=\"link-item \">\n  <h3>我是老师</h3>\n  <ul>\n          <li>\n        <a href=\"http://www.qiqiuyu.com/course/22\" target=\"_blank\">发布课程</a>\n      </li>\n          <li>\n        <a href=\"http://www.qiqiuyu.com/course/147\" target=\"_blank\">使用题库</a>\n      </li>\n          <li>\n        <a href=\"http://www.qiqiuyu.com/course/372\" target=\"_blank\">教学资料库</a>\n      </li>\n      </ul>\n</div>\n\n  <div class=\"link-item \">\n  <h3>我是管理员</h3>\n  <ul>\n          <li>\n        <a href=\"http://www.qiqiuyu.com/course/340\" target=\"_blank\">系统设置</a>\n      </li>\n          <li>\n        <a href=\"http://www.qiqiuyu.com/course/341\" target=\"_blank\">课程设置</a>\n      </li>\n          <li>\n        <a href=\"http://www.qiqiuyu.com/course/343\" target=\"_blank\">用户管理</a>\n      </li>\n      </ul>\n</div>\n\n  <div class=\"link-item hidden-xs\">\n  <h3>商业应用</h3>\n  <ul>\n          <li>\n        <a href=\"http://www.qiqiuyu.com/course/232/learn#lesson/358\" target=\"_blank\">会员专区</a>\n      </li>\n          <li>\n        <a href=\"http://www.qiqiuyu.com/course/232/learn#lesson/467\" target=\"_blank\">题库增强版</a>\n      </li>\n          <li>\n        <a href=\"http://www.qiqiuyu.com/course/380\" target=\"_blank\">用户导入导出</a>\n      </li>\n      </ul>\n</div>\n\n  <div class=\"link-item hidden-xs\">\n  <h3>关于我们</h3>\n  <ul>\n          <li>\n        <a href=\"http://www.edusoho.com/\" target=\"_blank\">ES官网</a>\n      </li>\n          <li>\n        <a href=\"http://weibo.com/qiqiuyu/profile?rightmod=1&amp;wvr=6&amp;mod=personinfo\" target=\"_blank\">官方微博</a>\n      </li>\n          <li>\n        <a href=\"http://www.edusoho.com/abouts/joinus\" target=\"_blank\">加入我们</a>\n      </li>\n      </ul>\n</div>\n\n</div>\n\n<div class=\"col-md-4 footer-logo hidden-sm hidden-xs\">\n  <a class=\"\" href=\"http://www.edusoho.com\" target=\"_blank\"><img src=\'/assets/v2/img/bottom_logo.png\' alt=\'建议图片大小为233*64\'></a>\n  <div class=\"footer-sns\">\n        <a href=\"http://weibo.com/edusoho\" target=\"_blank\"><i class=\"es-icon es-icon-weibo\"></i></a>\n            <a class=\"icon-sns\">\n      <i class=\"es-icon es-icon-weixin\"></i>\n      <div class=\"sns-popover\">\n        <img src=\'/assets/img/default/weixin.png\' alt=\'\'>  \n      </div>\n    </a>\n            <a class=\"icon-sns\">\n      <i class=\"es-icon es-icon-apple\"></i>\n      <div class=\"sns-popover\">\n        <img src=\'/assets/img/default/apple.png\' alt=\'\'> \n      </div>\n    </a>\n            <a class=\"icon-sns\">\n      <i class=\"es-icon es-icon-android\"></i>\n      <div class=\"sns-popover\">\n        <img src=\'/assets/img/default/android.png\' alt=\'\'> \n      </div>\n    </a>\n      </div>\n</div>\n\n\n',1,1439517193);

INSERT INTO `cache` (`id`, `name`, `data`, `serialized`, `expiredTime`, `createdTime`) VALUES (4,'settings','a:11:{s:4:\"site\";s:302:\"a:12:{s:4:\"name\";s:16:\"EduSoho慕课版\";s:6:\"slogan\";s:0:\"\";s:3:\"url\";s:0:\"\";s:4:\"logo\";s:0:\"\";s:12:\"seo_keywords\";s:0:\"\";s:15:\"seo_description\";s:0:\"\";s:12:\"master_email\";N;s:3:\"icp\";s:0:\"\";s:9:\"analytics\";s:0:\"\";s:6:\"status\";s:4:\"open\";s:11:\"closed_note\";s:0:\"\";s:17:\"homepage_template\";s:4:\"less\";}\";s:4:\"auth\";s:833:\"a:8:{s:13:\"register_mode\";s:5:\"email\";s:22:\"email_activation_title\";s:33:\"请激活您的{{sitename}}账号\";s:21:\"email_activation_body\";s:366:\"Hi, {{nickname}}\n\n欢迎加入{{sitename}}!\n\n请点击下面的链接完成注册：\n\n{{verifyurl}}\n\n如果以上链接无法点击，请将上面的地址复制到你的浏览器(如IE)的地址栏中打开，该链接地址24小时内打开有效。\n\n感谢对{{sitename}}的支持！\n\n{{sitename}} {{siteurl}}\n\n(这是一封自动产生的email，请勿回复。)\";s:15:\"welcome_enabled\";s:6:\"opened\";s:14:\"welcome_sender\";s:5:\"admin\";s:15:\"welcome_methods\";a:0:{}s:13:\"welcome_title\";s:24:\"欢迎加入{{sitename}}\";s:12:\"welcome_body\";s:138:\"您好{{nickname}}，我是{{sitename}}的管理员，欢迎加入{{sitename}}，祝您学习愉快。如有问题，随时与我联系。\";}\";s:6:\"mailer\";s:210:\"a:7:{s:7:\"enabled\";i:0;s:4:\"host\";s:16:\"smtp.example.com\";s:4:\"port\";s:2:\"25\";s:8:\"username\";s:16:\"user@example.com\";s:8:\"password\";s:0:\"\";s:4:\"from\";s:16:\"user@example.com\";s:4:\"name\";s:16:\"EduSoho慕课版\";}\";s:7:\"payment\";s:134:\"a:5:{s:7:\"enabled\";i:0;s:12:\"bank_gateway\";s:4:\"none\";s:14:\"alipay_enabled\";i:0;s:10:\"alipay_key\";s:0:\"\";s:13:\"alipay_secret\";s:0:\"\";}\";s:7:\"storage\";s:180:\"a:5:{s:11:\"upload_mode\";s:5:\"local\";s:16:\"cloud_access_key\";s:0:\"\";s:16:\"cloud_secret_key\";s:0:\"\";s:16:\"cloud_api_server\";s:22:\"http://api.edusoho.net\";s:12:\"cloud_bucket\";s:0:\"\";}\";s:5:\"theme\";s:27:\"a:1:{s:3:\"uri\";s:4:\"mooc\";}\";s:6:\"refund\";s:438:\"a:4:{s:13:\"maxRefundDays\";i:10;s:17:\"applyNotification\";s:118:\"您好，您退款的课程为{{course}}，管理员已收到您的退款申请，请耐心等待退款审核结果。\";s:19:\"successNotification\";s:87:\"您好，您申请退款课程{{course}} 审核通过，将为您退款{{amount}}元。\";s:18:\"failedNotification\";s:98:\"您好，您申请退款课程{{course}} 审核未通过，请与管理员再协商解决纠纷。\";}\";s:7:\"article\";s:57:\"a:2:{s:4:\"name\";s:12:\"资讯频道\";s:8:\"pageNums\";i:20;}\";s:7:\"default\";s:91:\"a:3:{s:9:\"user_name\";s:6:\"学员\";s:12:\"chapter_name\";s:3:\"章\";s:9:\"part_name\";s:3:\"节\";}\";s:26:\"crontab_next_executed_time\";s:13:\"i:1439517193;\";s:15:\"_app_last_check\";s:13:\"i:1439517210;\";}',1,0,1439517210);





INSERT INTO `category` (`id`, `code`, `name`, `icon`, `path`, `weight`, `groupId`, `parentId`, `description`) VALUES (1,'default','默认分类','','',100,1,0,NULL);

INSERT INTO `category_group` (`id`, `code`, `name`, `depth`) VALUES (1,'course','课程分类',2);





INSERT INTO `cloud_app` (`id`, `name`, `code`, `type`, `description`, `icon`, `version`, `fromVersion`, `developerId`, `developerName`, `installedTime`, `updatedTime`) VALUES (1,'EduSoho慕课版','MOOCMAIN','plugin','EduSoho慕课版','','1.0.3','0.0.0',1,'EduSoho官方',1439536736,1439536736);



INSERT INTO `content` (`id`, `title`, `editor`, `type`, `alias`, `summary`, `body`, `picture`, `template`, `status`, `categoryId`, `tagIds`, `hits`, `featured`, `promoted`, `sticky`, `userId`, `field1`, `field2`, `field3`, `field4`, `field5`, `field6`, `field7`, `field8`, `field9`, `field10`, `publishedTime`, `createdTime`) VALUES (1,'关于我们','richeditor','page','aboutus',NULL,'','','default','published',0,NULL,0,0,1,0,1,NULL,NULL,NULL,NULL,NULL,NULL,NULL,NULL,NULL,NULL,1439517193,1439517193),(2,'常见问题','richeditor','page','questions',NULL,'','','default','published',0,NULL,0,0,1,0,1,NULL,NULL,NULL,NULL,NULL,NULL,NULL,NULL,NULL,NULL,1439517193,1439517193);

INSERT INTO `course` (`id`, `title`, `subtitle`, `status`, `type`, `maxStudentNum`, `price`, `originPrice`, `coinPrice`, `originCoinPrice`, `expiryDay`, `showStudentNumType`, `serializeMode`, `income`, `lessonNum`, `giveCredit`, `rating`, `ratingNum`, `vipLevelId`, `categoryId`, `tags`, `smallPicture`, `middlePicture`, `largePicture`, `about`, `teacherIds`, `goals`, `audiences`, `recommended`, `recommendedSeq`, `recommendedTime`, `locationId`, `address`, `studentNum`, `hitNum`, `userId`, `discountId`, `discount`, `deadlineNotify`, `daysOfNotifyBeforeDeadline`, `useInClassroom`, `watchLimit`, `singleBuy`, `createdTime`, `freeStartTime`, `freeEndTime`, `approval`, `parentId`, `noteNum`, `startTime`, `endTime`, `rootId`, `periods`, `certi`) VALUES (1,'化学导论','','published','periodic',0,0.00,0.00,0.00,0.00,0,'opened','none',0.00,0,0,0,0,0,0,'','public://default/2015/08-14/095556c49eab066368.jpg','public://default/2015/08-14/095556c487ef316319.jpg','public://default/2015/08-14/095556c46387454505.jpg','','|1|',NULL,NULL,0,0,0,0,'',0,2,1,0,10.00,'none',0,'single',0,1,1439517331,0,0,0,0,0,1441036800,1451491200,1,1,0),(2,'MOOC思修课发展历程','','published','periodic',0,0.00,0.00,0.00,0.00,0,'opened','none',0.00,0,0,0,0,0,0,'','public://default/2015/08-14/095758660bc6783815.jpg','public://default/2015/08-14/09575865ea87981048.jpg','public://default/2015/08-14/09575865cf69005979.jpg','','|1|',NULL,NULL,0,0,0,0,'',0,0,1,0,10.00,'none',0,'single',0,1,1439517438,0,0,0,0,0,1439740800,1440691200,2,1,0),(3,'美国文学史','','published','periodic',0,0.00,0.00,0.00,0.00,0,'opened','none',0.00,0,0,0,0,0,0,'','public://default/2015/08-14/09593359a24b032479.jpg','public://default/2015/08-14/095933598979218176.jpg','public://default/2015/08-14/095933596931553550.jpg','','|1|',NULL,NULL,0,0,0,0,'',0,0,1,0,10.00,'none',0,'single',0,1,1439517547,0,0,0,0,0,1441036800,1451491200,3,1,0),(4,'详解PM 2.5','','published','normal',0,0.00,0.00,0.00,0.00,0,'opened','none',0.00,0,0,0,0,0,0,'','public://default/2015/08-14/10000994ef18789657.jpg','public://default/2015/08-14/10000994db23217804.jpg','public://default/2015/08-14/10000994c18d073673.jpg','','|1|',NULL,NULL,1,2,1439517820,0,'',0,0,1,0,10.00,'none',0,'single',0,1,1439517591,0,0,0,0,0,0,0,0,1,0),(5,'庄子心得','','published','normal',0,0.00,0.00,0.00,0.00,0,'opened','none',0.00,0,0,0,0,0,0,'','public://default/2015/08-14/1000480c25a1912960.jpg','public://default/2015/08-14/1000480c03f8288382.jpg','public://default/2015/08-14/1000480be1c3722024.jpg','','|1|',NULL,NULL,0,0,0,0,'',0,0,1,0,10.00,'none',0,'single',0,1,1439517640,0,0,0,0,0,0,0,0,1,0),(6,'概率（Probability）','','published','periodic',0,0.00,0.00,0.00,0.00,0,'opened','none',0.00,0,0,0,0,0,0,'','public://default/2015/08-14/1002113dd9d0650876.jpg','public://default/2015/08-14/1002113dbd2a319774.jpg','public://default/2015/08-14/1002113da2cc854105.jpg','','|1|',NULL,NULL,1,1,1439517812,0,'',0,10,1,0,10.00,'none',0,'single',0,1,1439517696,0,0,0,0,0,1441036800,1451491200,6,1,0),(7,'西班牙语入门','','published','periodic',0,0.00,0.00,0.00,0.00,0,'opened','none',0.00,0,0,0,0,0,0,'','public://default/2015/08-14/100313104971260715.jpg','public://default/2015/08-14/10031310316c530281.jpg','public://default/2015/08-14/10031310177e019747.jpg','','|1|',NULL,NULL,1,3,1439517828,0,'',0,0,1,0,10.00,'none',0,'single',0,1,1439517750,0,0,0,0,0,1441036800,1451491200,7,1,0);









INSERT INTO `course_member` (`id`, `courseId`, `classroomId`, `joinedType`, `userId`, `orderId`, `deadline`, `levelId`, `learnedNum`, `credit`, `noteNum`, `noteLastUpdateTime`, `isLearned`, `seq`, `remark`, `isVisible`, `role`, `locked`, `deadlineNotified`, `createdTime`) VALUES (1,1,0,'course',1,0,0,0,0,0,0,0,0,0,'',1,'teacher',0,0,1439517331),(2,2,0,'course',1,0,0,0,0,0,0,0,0,0,'',1,'teacher',0,0,1439517438),(3,3,0,'course',1,0,0,0,0,0,0,0,0,0,'',1,'teacher',0,0,1439517547),(4,4,0,'course',1,0,0,0,0,0,0,0,0,0,'',1,'teacher',0,0,1439517591),(5,5,0,'course',1,0,0,0,0,0,0,0,0,0,'',1,'teacher',0,0,1439517640),(6,6,0,'course',1,0,0,0,0,0,0,0,0,0,'',1,'teacher',0,0,1439517696),(7,7,0,'course',1,0,0,0,0,0,0,0,0,0,'',1,'teacher',0,0,1439517750);






INSERT INTO `crontab_job` (`id`, `name`, `cycle`, `cycleTime`, `jobClass`, `jobParams`, `executing`, `nextExcutedTime`, `latestExecutedTime`, `creatorId`, `createdTime`) VALUES (1,'CancelOrderJob','everyhour','0','Topxia\\\\Service\\\\Order\\\\Job\\\\CancelOrderJob','\"\"',0,1439517193,0,1,1439517193),(2,'DeleteExpiredTokenJob','everyhour','0','Topxia\\\\Service\\\\User\\\\Job\\\\DeleteExpiredTokenJob','\"\"',0,1439517193,0,1,1439517193);

INSERT INTO `file` (`id`, `groupId`, `userId`, `uri`, `mime`, `size`, `status`, `createdTime`) VALUES (2,1,1,'public://default/2015/08-14/095350e01640099935.png','',23174,0,1439517230),(3,1,1,'public://default/2015/08-14/095350e047d2117562.png','',6917,0,1439517230),(4,1,1,'public://default/2015/08-14/095350e06645700200.png','',2164,0,1439517230),(6,1,1,'public://default/2015/08-14/095556c46387454505.jpg','',21431,0,1439517356),(7,1,1,'public://default/2015/08-14/095556c487ef316319.jpg','',11189,0,1439517356),(8,1,1,'public://default/2015/08-14/095556c49eab066368.jpg','',2677,0,1439517356),(10,1,1,'public://default/2015/08-14/09575865cf69005979.jpg','',19017,0,1439517478),(11,1,1,'public://default/2015/08-14/09575865ea87981048.jpg','',9858,0,1439517478),(12,1,1,'public://default/2015/08-14/095758660bc6783815.jpg','',2304,0,1439517478),(14,1,1,'public://default/2015/08-14/095933596931553550.jpg','',37850,0,1439517573),(15,1,1,'public://default/2015/08-14/095933598979218176.jpg','',18102,0,1439517573),(16,1,1,'public://default/2015/08-14/09593359a24b032479.jpg','',3406,0,1439517573),(18,1,1,'public://default/2015/08-14/10000994c18d073673.jpg','',16040,0,1439517609),(19,1,1,'public://default/2015/08-14/10000994db23217804.jpg','',8430,0,1439517609),(20,1,1,'public://default/2015/08-14/10000994ef18789657.jpg','',1973,0,1439517609),(22,1,1,'public://default/2015/08-14/1000480be1c3722024.jpg','',26644,0,1439517648),(23,1,1,'public://default/2015/08-14/1000480c03f8288382.jpg','',11567,0,1439517648),(24,1,1,'public://default/2015/08-14/1000480c25a1912960.jpg','',2255,0,1439517648),(26,1,1,'public://default/2015/08-14/1002113da2cc854105.jpg','',23918,0,1439517731),(27,1,1,'public://default/2015/08-14/1002113dbd2a319774.jpg','',12250,0,1439517731),(28,1,1,'public://default/2015/08-14/1002113dd9d0650876.jpg','',2676,0,1439517731),(30,1,1,'public://default/2015/08-14/10031310177e019747.jpg','',41971,0,1439517793),(31,1,1,'public://default/2015/08-14/10031310316c530281.jpg','',19248,0,1439517793),(32,1,1,'public://default/2015/08-14/100313104971260715.jpg','',3558,0,1439517793),(34,1,1,'public://default/2015/08-14/100741d2bfba880322.jpg','',8438,0,1439518061),(35,1,1,'public://default/2015/08-14/100741d2fdf3441703.jpg','',4347,0,1439518061),(36,1,1,'public://default/2015/08-14/100741d37df9332071.jpg','',1656,0,1439518061),(38,1,1,'public://default/2015/08-14/101141dd07c2670247.gif','',19432,0,1439518301),(39,1,1,'public://default/2015/08-14/101141dd21d2125702.gif','',8217,0,1439518301),(40,1,1,'public://default/2015/08-14/101141dd37c8527584.gif','',2388,0,1439518301),(42,1,1,'public://default/2015/08-14/101239769df1884492.jpg','',14271,0,1439518359),(43,1,1,'public://default/2015/08-14/10123976b8c7204397.jpg','',6239,0,1439518359),(44,1,1,'public://default/2015/08-14/10123976d1f9678307.jpg','',1879,0,1439518359);

INSERT INTO `file_group` (`id`, `name`, `code`, `public`) VALUES (1,'默认文件组','default',1),(2,'缩略图','thumb',1),(3,'课程','course',1),(4,'用户','user',1),(5,'课程私有文件','course_private',0),(6,'资讯','article',1),(7,'临时目录','tmp',1),(8,'全局设置文件','system',1),(9,'小组','group',1),(10,'编辑区','block',1),(11,'班级','classroom',1);











INSERT INTO `log` (`id`, `userId`, `module`, `action`, `message`, `data`, `ip`, `createdTime`, `level`) VALUES (1,1,'user','change_role','设置用户admin(#1)的角色为：ROLE_USER,ROLE_TEACHER,ROLE_SUPER_ADMIN','','127.0.0.1',1439517193,'info'),(2,1,'tag','create','添加标签默认标签(#1)','','127.0.0.1',1439517193,'info'),(3,1,'category','create','添加分类 默认分类(#1)','{\"id\":\"1\",\"code\":\"default\",\"name\":\"\\u9ed8\\u8ba4\\u5206\\u7c7b\",\"icon\":\"\",\"path\":\"\",\"weight\":\"100\",\"groupId\":\"1\",\"parentId\":\"0\",\"description\":null}','127.0.0.1',1439517193,'info'),(4,1,'content','create','创建内容《(关于我们)》(1)','{\"id\":\"1\",\"title\":\"\\u5173\\u4e8e\\u6211\\u4eec\",\"editor\":\"richeditor\",\"type\":\"page\",\"alias\":\"aboutus\",\"summary\":null,\"body\":\"\",\"picture\":\"\",\"template\":\"default\",\"status\":\"published\",\"categoryId\":\"0\",\"tagIds\":[],\"hits\":\"0\",\"featured\":\"0\",\"promoted\":\"1\",\"sticky\":\"0\",\"userId\":\"1\",\"field1\":null,\"field2\":null,\"field3\":null,\"field4\":null,\"field5\":null,\"field6\":null,\"field7\":null,\"field8\":null,\"field9\":null,\"field10\":null,\"publishedTime\":\"1439517193\",\"createdTime\":\"1439517193\"}','127.0.0.1',1439517193,'info'),(5,1,'content','create','创建内容《(常见问题)》(2)','{\"id\":\"2\",\"title\":\"\\u5e38\\u89c1\\u95ee\\u9898\",\"editor\":\"richeditor\",\"type\":\"page\",\"alias\":\"questions\",\"summary\":null,\"body\":\"\",\"picture\":\"\",\"template\":\"default\",\"status\":\"published\",\"categoryId\":\"0\",\"tagIds\":[],\"hits\":\"0\",\"featured\":\"0\",\"promoted\":\"1\",\"sticky\":\"0\",\"userId\":\"1\",\"field1\":null,\"field2\":null,\"field3\":null,\"field4\":null,\"field5\":null,\"field6\":null,\"field7\":null,\"field8\":null,\"field9\":null,\"field10\":null,\"publishedTime\":\"1439517193\",\"createdTime\":\"1439517193\"}','127.0.0.1',1439517193,'info'),(6,1,'info','navigation_create','创建导航师资力量','','127.0.0.1',1439517193,'info'),(7,1,'info','navigation_create','创建导航常见问题','','127.0.0.1',1439517193,'info'),(8,1,'info','navigation_create','创建导航关于我们','','127.0.0.1',1439517193,'info'),(9,1,'user','login_success','登录成功','','218.205.56.219',1439517206,'info'),(10,1,'course','create','创建课程《化学导论》(#1)','','218.205.56.219',1439517331,'info'),(11,1,'course','update','更新课程《化学导论》(#1)的信息','{\"title\":\"\\u5316\\u5b66\\u5bfc\\u8bba\",\"subtitle\":\"\",\"categoryId\":0,\"tags\":\"\",\"startTime\":1441036800,\"endTime\":1451491200,\"rootId\":1}','218.205.56.219',1439517345,'info'),(12,1,'course','update_picture','更新课程《化学导论》(#1)图片','{\"smallPicture\":\"public:\\/\\/default\\/2015\\/08-14\\/095556c49eab066368.jpg\",\"middlePicture\":\"public:\\/\\/default\\/2015\\/08-14\\/095556c487ef316319.jpg\",\"largePicture\":\"public:\\/\\/default\\/2015\\/08-14\\/095556c46387454505.jpg\"}','218.205.56.219',1439517356,'info'),(13,1,'course','publish','发布课程《化学导论》(#1)','','218.205.56.219',1439517378,'info'),(14,1,'course','create','创建课程《MOOC思修课发展历程》(#2)','','218.205.56.219',1439517438,'info'),(15,1,'course','update','更新课程《MOOC思修课发展历程》(#2)的信息','{\"title\":\"MOOC\\u601d\\u4fee\\u8bfe\\u53d1\\u5c55\\u5386\\u7a0b\",\"subtitle\":\"\",\"categoryId\":0,\"tags\":\"\",\"startTime\":1439740800,\"endTime\":1440691200,\"rootId\":2}','218.205.56.219',1439517456,'info'),(16,1,'course','update_picture','更新课程《MOOC思修课发展历程》(#2)图片','{\"smallPicture\":\"public:\\/\\/default\\/2015\\/08-14\\/095758660bc6783815.jpg\",\"middlePicture\":\"public:\\/\\/default\\/2015\\/08-14\\/09575865ea87981048.jpg\",\"largePicture\":\"public:\\/\\/default\\/2015\\/08-14\\/09575865cf69005979.jpg\"}','218.205.56.219',1439517478,'info'),(17,1,'course','publish','发布课程《MOOC思修课发展历程》(#2)','','218.205.56.219',1439517517,'info'),(18,1,'course','create','创建课程《美国文学史》(#3)','','218.205.56.219',1439517547,'info'),(19,1,'course','update','更新课程《美国文学史》(#3)的信息','{\"title\":\"\\u7f8e\\u56fd\\u6587\\u5b66\\u53f2\",\"subtitle\":\"\",\"categoryId\":0,\"tags\":\"\",\"startTime\":1441036800,\"endTime\":1451491200,\"rootId\":3}','218.205.56.219',1439517561,'info'),(20,1,'course','update_picture','更新课程《美国文学史》(#3)图片','{\"smallPicture\":\"public:\\/\\/default\\/2015\\/08-14\\/09593359a24b032479.jpg\",\"middlePicture\":\"public:\\/\\/default\\/2015\\/08-14\\/095933598979218176.jpg\",\"largePicture\":\"public:\\/\\/default\\/2015\\/08-14\\/095933596931553550.jpg\"}','218.205.56.219',1439517573,'info'),(21,1,'course','publish','发布课程《美国文学史》(#3)','','218.205.56.219',1439517576,'info'),(22,1,'course','create','创建课程《详解PM 2.5》(#4)','','218.205.56.219',1439517591,'info'),(23,1,'course','update_picture','更新课程《详解PM 2.5》(#4)图片','{\"smallPicture\":\"public:\\/\\/default\\/2015\\/08-14\\/10000994ef18789657.jpg\",\"middlePicture\":\"public:\\/\\/default\\/2015\\/08-14\\/10000994db23217804.jpg\",\"largePicture\":\"public:\\/\\/default\\/2015\\/08-14\\/10000994c18d073673.jpg\"}','218.205.56.219',1439517609,'info'),(24,1,'course','publish','发布课程《详解PM 2.5》(#4)','','218.205.56.219',1439517614,'info'),(25,1,'course','create','创建课程《庄子心得》(#5)','','218.205.56.219',1439517640,'info'),(26,1,'course','update_picture','更新课程《庄子心得》(#5)图片','{\"smallPicture\":\"public:\\/\\/default\\/2015\\/08-14\\/1000480c25a1912960.jpg\",\"middlePicture\":\"public:\\/\\/default\\/2015\\/08-14\\/1000480c03f8288382.jpg\",\"largePicture\":\"public:\\/\\/default\\/2015\\/08-14\\/1000480be1c3722024.jpg\"}','218.205.56.219',1439517648,'info'),(27,1,'course','publish','发布课程《庄子心得》(#5)','','218.205.56.219',1439517661,'info'),(28,1,'course','create','创建课程《概率（Probability）》(#6)','','218.205.56.219',1439517696,'info'),(29,1,'course','update','更新课程《概率（Probability）》(#6)的信息','{\"title\":\"\\u6982\\u7387\\uff08Probability\\uff09\",\"subtitle\":\"\",\"categoryId\":0,\"tags\":\"\",\"startTime\":1441036800,\"endTime\":1451491200,\"rootId\":6}','218.205.56.219',1439517722,'info'),(30,1,'course','update_picture','更新课程《概率（Probability）》(#6)图片','{\"smallPicture\":\"public:\\/\\/default\\/2015\\/08-14\\/1002113dd9d0650876.jpg\",\"middlePicture\":\"public:\\/\\/default\\/2015\\/08-14\\/1002113dbd2a319774.jpg\",\"largePicture\":\"public:\\/\\/default\\/2015\\/08-14\\/1002113da2cc854105.jpg\"}','218.205.56.219',1439517731,'info'),(31,1,'course','publish','发布课程《概率（Probability）》(#6)','','218.205.56.219',1439517734,'info'),(32,1,'course','create','创建课程《西班牙语入门》(#7)','','218.205.56.219',1439517750,'info'),(33,1,'course','update','更新课程《西班牙语入门》(#7)的信息','{\"title\":\"\\u897f\\u73ed\\u7259\\u8bed\\u5165\\u95e8\",\"subtitle\":\"\",\"categoryId\":0,\"tags\":\"\",\"startTime\":1441036800,\"endTime\":1451491200,\"rootId\":7}','218.205.56.219',1439517776,'info'),(34,1,'course','update_picture','更新课程《西班牙语入门》(#7)图片','{\"smallPicture\":\"public:\\/\\/default\\/2015\\/08-14\\/100313104971260715.jpg\",\"middlePicture\":\"public:\\/\\/default\\/2015\\/08-14\\/10031310316c530281.jpg\",\"largePicture\":\"public:\\/\\/default\\/2015\\/08-14\\/10031310177e019747.jpg\"}','218.205.56.219',1439517793,'info'),(35,1,'course','publish','发布课程《西班牙语入门》(#7)','','218.205.56.219',1439517796,'info'),(36,1,'course','recommend','推荐课程《概率（Probability）》(#6),序号为1','','218.205.56.219',1439517812,'info'),(37,1,'course','recommend','推荐课程《详解PM 2.5》(#4),序号为2','','218.205.56.219',1439517820,'info'),(38,1,'course','recommend','推荐课程《西班牙语入门》(#7),序号为3','','218.205.56.219',1439517828,'info'),(39,1,'user','change_role','设置用户abbott(#2)的角色为：ROLE_TEACHER,ROLE_USER','','218.205.56.219',1439517917,'info'),(40,1,'user','add','管理员添加新用户 abbott (2)','','218.205.56.219',1439517917,'info'),(41,1,'user','edit','管理员编辑用户资料 abbott (#2)','{\"id\":\"2\",\"truename\":\"\",\"idcard\":\"\",\"gender\":\"secret\",\"iam\":\"\",\"birthday\":null,\"city\":\"\",\"mobile\":\"\",\"qq\":\"\",\"signature\":\"\",\"about\":\"\",\"company\":\"\",\"job\":\"\",\"school\":\"\",\"class\":\"\",\"weibo\":\"\",\"weixin\":\"\",\"site\":\"\",\"intField1\":null,\"intField2\":null,\"intField3\":null,\"intField4\":null,\"intField5\":null,\"dateField1\":null,\"dateField2\":null,\"dateField3\":null,\"dateField4\":null,\"dateField5\":null,\"floatField1\":null,\"floatField2\":null,\"floatField3\":null,\"floatField4\":null,\"floatField5\":null,\"varcharField1\":\"\",\"varcharField2\":\"\",\"varcharField3\":\"\",\"varcharField4\":\"\",\"varcharField5\":\"\",\"varcharField6\":\"\",\"varcharField7\":\"\",\"varcharField8\":\"\",\"varcharField9\":\"\",\"varcharField10\":\"\",\"textField1\":\"\",\"textField2\":\"\",\"textField3\":\"\",\"textField4\":\"\",\"textField5\":\"\",\"textField6\":\"\",\"textField7\":\"\",\"textField8\":\"\",\"textField9\":\"\",\"textField10\":\"\"}','218.205.56.219',1439517949,'info'),(42,1,'user','change_role','设置用户汪琼(#3)的角色为：ROLE_TEACHER,ROLE_USER','','218.205.56.219',1439517977,'info'),(43,1,'user','add','管理员添加新用户 汪琼 (3)','','218.205.56.219',1439517977,'info'),(44,1,'user','edit','管理员编辑用户资料 汪琼 (#3)','{\"id\":\"3\",\"truename\":\"\",\"idcard\":\"\",\"gender\":\"secret\",\"iam\":\"\",\"birthday\":null,\"city\":\"\",\"mobile\":\"\",\"qq\":\"\",\"signature\":\"\",\"about\":\"\",\"company\":\"\",\"job\":\"\",\"school\":\"\",\"class\":\"\",\"weibo\":\"\",\"weixin\":\"\",\"site\":\"\",\"intField1\":null,\"intField2\":null,\"intField3\":null,\"intField4\":null,\"intField5\":null,\"dateField1\":null,\"dateField2\":null,\"dateField3\":null,\"dateField4\":null,\"dateField5\":null,\"floatField1\":null,\"floatField2\":null,\"floatField3\":null,\"floatField4\":null,\"floatField5\":null,\"varcharField1\":\"\",\"varcharField2\":\"\",\"varcharField3\":\"\",\"varcharField4\":\"\",\"varcharField5\":\"\",\"varcharField6\":\"\",\"varcharField7\":\"\",\"varcharField8\":\"\",\"varcharField9\":\"\",\"varcharField10\":\"\",\"textField1\":\"\",\"textField2\":\"\",\"textField3\":\"\",\"textField4\":\"\",\"textField5\":\"\",\"textField6\":\"\",\"textField7\":\"\",\"textField8\":\"\",\"textField9\":\"\",\"textField10\":\"\"}','218.205.56.219',1439517995,'info'),(45,1,'user','change_role','设置用户刘国玉(#4)的角色为：ROLE_TEACHER,ROLE_USER','','218.205.56.219',1439518019,'info'),(46,1,'user','add','管理员添加新用户 刘国玉 (4)','','218.205.56.219',1439518019,'info'),(47,1,'user','edit','管理员编辑用户资料 刘国玉 (#4)','{\"id\":\"4\",\"truename\":\"\",\"idcard\":\"\",\"gender\":\"secret\",\"iam\":\"\",\"birthday\":null,\"city\":\"\",\"mobile\":\"\",\"qq\":\"\",\"signature\":\"\",\"about\":\"\",\"company\":\"\",\"job\":\"\",\"school\":\"\",\"class\":\"\",\"weibo\":\"\",\"weixin\":\"\",\"site\":\"\",\"intField1\":null,\"intField2\":null,\"intField3\":null,\"intField4\":null,\"intField5\":null,\"dateField1\":null,\"dateField2\":null,\"dateField3\":null,\"dateField4\":null,\"dateField5\":null,\"floatField1\":null,\"floatField2\":null,\"floatField3\":null,\"floatField4\":null,\"floatField5\":null,\"varcharField1\":\"\",\"varcharField2\":\"\",\"varcharField3\":\"\",\"varcharField4\":\"\",\"varcharField5\":\"\",\"varcharField6\":\"\",\"varcharField7\":\"\",\"varcharField8\":\"\",\"varcharField9\":\"\",\"varcharField10\":\"\",\"textField1\":\"\",\"textField2\":\"\",\"textField3\":\"\",\"textField4\":\"\",\"textField5\":\"\",\"textField6\":\"\",\"textField7\":\"\",\"textField8\":\"\",\"textField9\":\"\",\"textField10\":\"\"}','218.205.56.219',1439518037,'info'),(48,1,'user','recommend','推荐用户abbott(#2)','','218.205.56.219',1439518325,'info'),(49,1,'user','recommend','推荐用户汪琼(#3)','','218.205.56.219',1439518330,'info'),(50,1,'user','recommend','推荐用户刘国玉(#4)','','218.205.56.219',1439518332,'info'),(51,1,'user','login_success','登录成功','','218.205.56.219',1439518431,'info'),(52,1,'user','add','管理员添加新用户 student (5)','','218.205.56.219',1439518460,'info'),(53,5,'user','login_success','登录成功','','218.205.56.219',1439518476,'info'),(54,1,'user','login_success','登录成功','','218.205.56.219',1439537439,'info');






INSERT INTO `navigation` (`id`, `name`, `url`, `sequence`, `parentId`, `createdTime`, `updateTime`, `type`, `isOpen`, `isNewWin`) VALUES (1,'师资力量','teacher',1,0,1439517193,1439517193,'top',1,0),(2,'常见问题','page/questions',2,0,1439517193,1439517193,'top',1,0),(3,'关于我们','page/aboutus',3,0,1439517193,1439517193,'top',1,0);








INSERT INTO `session2` (`session_id`, `session_value`, `session_time`, `user_id`) VALUES ('0usgmg8p0gt5b7d6uugdparb71','X3NmMl9hdHRyaWJ1dGVzfGE6MDp7fV9zZjJfZmxhc2hlc3xhOjA6e31fc2YyX21ldGF8YTozOntzOjE6InUiO2k6MTQzOTUxNzIwNDtzOjE6ImMiO2k6MTQzOTUxNzIwMDtzOjE6ImwiO3M6MToiMCI7fQ==',1439517204,0),('5jcrp950c3np9gcqrr9c72rh62','X3NmMl9hdHRyaWJ1dGVzfGE6MTp7czoxNDoiX3NlY3VyaXR5X21haW4iO3M6MTkzOToiQzo3NDoiU3ltZm9ueVxDb21wb25lbnRcU2VjdXJpdHlcQ29yZVxBdXRoZW50aWNhdGlvblxUb2tlblxVc2VybmFtZVBhc3N3b3JkVG9rZW4iOjE4NTA6e2E6Mzp7aTowO047aToxO3M6NDoibWFpbiI7aToyO3M6MTgwOToiYTo0OntpOjA7TzozMToiVG9weGlhXFNlcnZpY2VcVXNlclxDdXJyZW50VXNlciI6MTp7czo3OiIAKgBkYXRhIjthOjM2OntzOjI6ImlkIjtzOjE6IjEiO3M6NToiZW1haWwiO3M6MTc6ImFkbWluQGVkdXNvaG8uY29tIjtzOjE0OiJ2ZXJpZmllZE1vYmlsZSI7czowOiIiO3M6ODoicGFzc3dvcmQiO3M6NDQ6ImxXRlVsNkNTNDJmYmppMUlpckFyT0hPV1BkZEhLeUdrNlAvVXhVZVBxNWs9IjtzOjQ6InNhbHQiO3M6MzE6Im03cGZ0ajE3bnlzc2NvZ2c4ODA4OGtrOGtjbzA0azQiO3M6MTE6InBheVBhc3N3b3JkIjtzOjA6IiI7czoxNToicGF5UGFzc3dvcmRTYWx0IjtzOjA6IiI7czozOiJ1cmkiO3M6MDoiIjtzOjg6Im5pY2tuYW1lIjtzOjU6ImFkbWluIjtzOjU6InRpdGxlIjtzOjU6IkFkbWluIjtzOjQ6InRhZ3MiO3M6MDoiIjtzOjQ6InR5cGUiO3M6NzoiZGVmYXVsdCI7czo1OiJwb2ludCI7czoxOiIwIjtzOjQ6ImNvaW4iO3M6MToiMCI7czoxMToic21hbGxBdmF0YXIiO3M6NTA6InB1YmxpYzovL2RlZmF1bHQvMjAxNS8wOC0xNC8wOTUzNTBlMDY2NDU3MDAyMDAucG5nIjtzOjEyOiJtZWRpdW1BdmF0YXIiO3M6NTA6InB1YmxpYzovL2RlZmF1bHQvMjAxNS8wOC0xNC8wOTUzNTBlMDQ3ZDIxMTc1NjIucG5nIjtzOjExOiJsYXJnZUF2YXRhciI7czo1MDoicHVibGljOi8vZGVmYXVsdC8yMDE1LzA4LTE0LzA5NTM1MGUwMTY0MDA5OTkzNS5wbmciO3M6MTM6ImVtYWlsVmVyaWZpZWQiO3M6MToiMCI7czo1OiJzZXR1cCI7czoxOiIxIjtzOjU6InJvbGVzIjthOjM6e2k6MDtzOjk6IlJPTEVfVVNFUiI7aToxO3M6MTI6IlJPTEVfVEVBQ0hFUiI7aToyO3M6MTY6IlJPTEVfU1VQRVJfQURNSU4iO31zOjg6InByb21vdGVkIjtzOjE6IjAiO3M6MTI6InByb21vdGVkVGltZSI7czoxOiIwIjtzOjY6ImxvY2tlZCI7czoxOiIwIjtzOjEyOiJsb2NrRGVhZGxpbmUiO3M6MToiMCI7czoyOToiY29uc2VjdXRpdmVQYXNzd29yZEVycm9yVGltZXMiO3M6MToiMCI7czoyMDoibGFzdFBhc3N3b3JkRmFpbFRpbWUiO3M6MToiMCI7czo5OiJsb2dpblRpbWUiO3M6MTA6IjE0Mzk1Mzc0MzkiO3M6NzoibG9naW5JcCI7czoxNDoiMjE4LjIwNS41Ni4yMTkiO3M6MTQ6ImxvZ2luU2Vzc2lvbklkIjtzOjI2OiI1amNycDk1MGMzbnA5Z2NxcnI5Yzcycmg2MiI7czoxMjoiYXBwcm92YWxUaW1lIjtzOjE6IjAiO3M6MTQ6ImFwcHJvdmFsU3RhdHVzIjtzOjk6InVuYXBwcm92ZSI7czoxMzoibmV3TWVzc2FnZU51bSI7czoxOiIwIjtzOjE4OiJuZXdOb3RpZmljYXRpb25OdW0iO3M6MToiMCI7czo5OiJjcmVhdGVkSXAiO3M6MDoiIjtzOjExOiJjcmVhdGVkVGltZSI7czoxMDoiMTQzOTUxNzE5MyI7czo5OiJjdXJyZW50SXAiO3M6MTQ6IjIxOC4yMDUuNTYuMjE5Ijt9fWk6MTtiOjE7aToyO2E6Mzp7aTowO086NDE6IlN5bWZvbnlcQ29tcG9uZW50XFNlY3VyaXR5XENvcmVcUm9sZVxSb2xlIjoxOntzOjQ3OiIAU3ltZm9ueVxDb21wb25lbnRcU2VjdXJpdHlcQ29yZVxSb2xlXFJvbGUAcm9sZSI7czo5OiJST0xFX1VTRVIiO31pOjE7Tzo0MToiU3ltZm9ueVxDb21wb25lbnRcU2VjdXJpdHlcQ29yZVxSb2xlXFJvbGUiOjE6e3M6NDc6IgBTeW1mb255XENvbXBvbmVudFxTZWN1cml0eVxDb3JlXFJvbGVcUm9sZQByb2xlIjtzOjEyOiJST0xFX1RFQUNIRVIiO31pOjI7Tzo0MToiU3ltZm9ueVxDb21wb25lbnRcU2VjdXJpdHlcQ29yZVxSb2xlXFJvbGUiOjE6e3M6NDc6IgBTeW1mb255XENvbXBvbmVudFxTZWN1cml0eVxDb3JlXFJvbGVcUm9sZQByb2xlIjtzOjE2OiJST0xFX1NVUEVSX0FETUlOIjt9fWk6MzthOjA6e319Ijt9fSI7fV9zZjJfZmxhc2hlc3xhOjA6e31fc2YyX21ldGF8YTozOntzOjE6InUiO2k6MTQzOTUzODMwNTtzOjE6ImMiO2k6MTQzOTUzNzQzMztzOjE6ImwiO3M6MToiMCI7fQ==',1439538306,1),('op5u39ij9s2n29urhirrc66r26','X3NmMl9hdHRyaWJ1dGVzfGE6MDp7fV9zZjJfZmxhc2hlc3xhOjA6e31fc2YyX21ldGF8YTozOntzOjE6InUiO2k6MTQzOTUzNzQzNztzOjE6ImMiO2k6MTQzOTUzNzQzMztzOjE6ImwiO3M6MToiMCI7fQ==',1439537437,0),('poj75cujs6e09b8af21equiha0','X3NmMl9hdHRyaWJ1dGVzfGE6MDp7fV9zZjJfZmxhc2hlc3xhOjA6e31fc2YyX21ldGF8YTozOntzOjE6InUiO2k6MTQzOTUxODQzMDtzOjE6ImMiO2k6MTQzOTUxODM5MjtzOjE6ImwiO3M6MToiMCI7fQ==',1439518430,0),('q58ir4enbffauqjei0qf6j8jf3','X3NmMl9hdHRyaWJ1dGVzfGE6Mzp7czoyMzoiX3NlY3VyaXR5Lmxhc3RfdXNlcm5hbWUiO3M6Nzoic3R1ZGVudCI7czoxMjoiX3RhcmdldF9wYXRoIjtzOjQ4OiJodHRwOi8vc2FtcGxlLm1vb2MuZWR1c29oby5jbi9hcHAucGhwL2FkbWluL3VzZXIiO3M6MjA6Il9zZWN1cml0eS5sYXN0X2Vycm9yIjtDOjY1OiJTeW1mb255XENvbXBvbmVudFxTZWN1cml0eVxDb3JlXEV4Y2VwdGlvblxCYWRDcmVkZW50aWFsc0V4Y2VwdGlvbiI6NDAzOnthOjU6e2k6MDtDOjc0OiJTeW1mb255XENvbXBvbmVudFxTZWN1cml0eVxDb3JlXEF1dGhlbnRpY2F0aW9uXFRva2VuXFVzZXJuYW1lUGFzc3dvcmRUb2tlbiI6MTAzOnthOjM6e2k6MDtzOjc6InN0dWRlbnQiO2k6MTtzOjQ6Im1haW4iO2k6MjtzOjUyOiJhOjQ6e2k6MDtzOjc6InN0dWRlbnQiO2k6MTtiOjA7aToyO2E6MDp7fWk6MzthOjA6e319Ijt9fWk6MTtpOjA7aToyO3M6MTU6IkJhZCBjcmVkZW50aWFscyI7aTozO3M6MTQ1OiIvdmFyL3d3dy9zYW1wbGUubW9vYy5lZHVzb2hvLmNuL3ZlbmRvci9zeW1mb255L3N5bWZvbnkvc3JjL1N5bWZvbnkvQ29tcG9uZW50L1NlY3VyaXR5L0NvcmUvQXV0aGVudGljYXRpb24vUHJvdmlkZXIvVXNlckF1dGhlbnRpY2F0aW9uUHJvdmlkZXIucGhwIjtpOjQ7aTo5MDt9fX1fc2YyX2ZsYXNoZXN8YTowOnt9X3NmMl9tZXRhfGE6Mzp7czoxOiJ1IjtpOjE0Mzk1MTg0NzI7czoxOiJjIjtpOjE0Mzk1MTg0NjU7czoxOiJsIjtzOjE6IjAiO30=',1439518472,0);

INSERT INTO `setting` (`id`, `name`, `value`) VALUES (1,'site','a:12:{s:4:\"name\";s:16:\"EduSoho慕课版\";s:6:\"slogan\";s:0:\"\";s:3:\"url\";s:0:\"\";s:4:\"logo\";s:0:\"\";s:12:\"seo_keywords\";s:0:\"\";s:15:\"seo_description\";s:0:\"\";s:12:\"master_email\";N;s:3:\"icp\";s:0:\"\";s:9:\"analytics\";s:0:\"\";s:6:\"status\";s:4:\"open\";s:11:\"closed_note\";s:0:\"\";s:17:\"homepage_template\";s:4:\"less\";}'),(2,'auth','a:8:{s:13:\"register_mode\";s:5:\"email\";s:22:\"email_activation_title\";s:33:\"请激活您的{{sitename}}账号\";s:21:\"email_activation_body\";s:366:\"Hi, {{nickname}}\n\n欢迎加入{{sitename}}!\n\n请点击下面的链接完成注册：\n\n{{verifyurl}}\n\n如果以上链接无法点击，请将上面的地址复制到你的浏览器(如IE)的地址栏中打开，该链接地址24小时内打开有效。\n\n感谢对{{sitename}}的支持！\n\n{{sitename}} {{siteurl}}\n\n(这是一封自动产生的email，请勿回复。)\";s:15:\"welcome_enabled\";s:6:\"opened\";s:14:\"welcome_sender\";s:5:\"admin\";s:15:\"welcome_methods\";a:0:{}s:13:\"welcome_title\";s:24:\"欢迎加入{{sitename}}\";s:12:\"welcome_body\";s:138:\"您好{{nickname}}，我是{{sitename}}的管理员，欢迎加入{{sitename}}，祝您学习愉快。如有问题，随时与我联系。\";}'),(3,'mailer','a:7:{s:7:\"enabled\";i:0;s:4:\"host\";s:16:\"smtp.example.com\";s:4:\"port\";s:2:\"25\";s:8:\"username\";s:16:\"user@example.com\";s:8:\"password\";s:0:\"\";s:4:\"from\";s:16:\"user@example.com\";s:4:\"name\";s:16:\"EduSoho慕课版\";}'),(4,'payment','a:5:{s:7:\"enabled\";i:0;s:12:\"bank_gateway\";s:4:\"none\";s:14:\"alipay_enabled\";i:0;s:10:\"alipay_key\";s:0:\"\";s:13:\"alipay_secret\";s:0:\"\";}'),(5,'storage','a:5:{s:11:\"upload_mode\";s:5:\"local\";s:16:\"cloud_access_key\";s:0:\"\";s:16:\"cloud_secret_key\";s:0:\"\";s:16:\"cloud_api_server\";s:22:\"http://api.edusoho.net\";s:12:\"cloud_bucket\";s:0:\"\";}'),(6,'theme','a:1:{s:3:\"uri\";s:4:\"mooc\";}'),(7,'refund','a:4:{s:13:\"maxRefundDays\";i:10;s:17:\"applyNotification\";s:118:\"您好，您退款的课程为{{course}}，管理员已收到您的退款申请，请耐心等待退款审核结果。\";s:19:\"successNotification\";s:87:\"您好，您申请退款课程{{course}} 审核通过，将为您退款{{amount}}元。\";s:18:\"failedNotification\";s:98:\"您好，您申请退款课程{{course}} 审核未通过，请与管理员再协商解决纠纷。\";}'),(8,'article','a:2:{s:4:\"name\";s:12:\"资讯频道\";s:8:\"pageNums\";i:20;}'),(9,'default','a:3:{s:9:\"user_name\";s:6:\"学员\";s:12:\"chapter_name\";s:3:\"章\";s:9:\"part_name\";s:3:\"节\";}'),(10,'crontab_next_executed_time','i:1439517193;'),(11,'_app_last_check','i:1439517210;');







INSERT INTO `tag` (`id`, `name`, `createdTime`) VALUES (1,'默认标签',1439517193);













INSERT INTO `user` (`id`, `email`, `verifiedMobile`, `password`, `salt`, `payPassword`, `payPasswordSalt`, `uri`, `nickname`, `title`, `tags`, `type`, `point`, `coin`, `smallAvatar`, `mediumAvatar`, `largeAvatar`, `emailVerified`, `setup`, `roles`, `promoted`, `promotedTime`, `locked`, `lockDeadline`, `consecutivePasswordErrorTimes`, `lastPasswordFailTime`, `loginTime`, `loginIp`, `loginSessionId`, `approvalTime`, `approvalStatus`, `newMessageNum`, `newNotificationNum`, `createdIp`, `createdTime`) VALUES (1,'admin@edusoho.com','','lWFUl6CS42fbji1IirArOHOWPddHKyGk6P/UxUePq5k=','m7pftj17nysscogg88088kk8kco04k4','','','','admin','Admin','','default',0,0,'public://default/2015/08-14/095350e06645700200.png','public://default/2015/08-14/095350e047d2117562.png','public://default/2015/08-14/095350e01640099935.png',0,1,'|ROLE_USER|ROLE_TEACHER|ROLE_SUPER_ADMIN|',0,0,0,0,0,0,1439537439,'218.205.56.219','5jcrp950c3np9gcqrr9c72rh62',0,'unapprove',0,0,'',1439517193),(2,'Abbott@edusoho.com','','EhxgFSXJnd5GOkosa26Epm3THGk++yuKvSmPu9WVZH8=','bj1ocz7axd4ogg0gc04cwok8osc4k4o','','','','abbott','哈佛大学工程学系 副教授','','import',0,0,'public://default/2015/08-14/10123976d1f9678307.jpg','public://default/2015/08-14/10123976b8c7204397.jpg','public://default/2015/08-14/101239769df1884492.jpg',0,1,'|ROLE_TEACHER|ROLE_USER|',1,1439518325,0,0,0,0,0,'','',0,'unapprove',0,0,'218.205.56.219',1439517917),(3,'wq@edusoho.com','','qpiTaSWotNpFT3wuVawQApDh6NmzC4QOiGQOxvrXeKY=','95c13baid0kkwwgk88c8g4k0ckwww88','','','','汪琼','北京大学教育学院 主任','','import',0,0,'public://default/2015/08-14/101141dd37c8527584.gif','public://default/2015/08-14/101141dd21d2125702.gif','public://default/2015/08-14/101141dd07c2670247.gif',0,1,'|ROLE_TEACHER|ROLE_USER|',1,1439518330,0,0,0,0,0,'','',0,'unapprove',0,0,'218.205.56.219',1439517977),(4,'lgy@edusoho.com','','jKB4MxmhXa9ex2TKCLHtgsFzVylmoJ8tvMjHKzsuj6c=','dv6yrqawl3c48scc44o8s8cgw4skcws','','','','刘国玉','MOOC平台 网络教师','','import',0,0,'public://default/2015/08-14/100741d37df9332071.jpg','public://default/2015/08-14/100741d2fdf3441703.jpg','public://default/2015/08-14/100741d2bfba880322.jpg',0,1,'|ROLE_TEACHER|ROLE_USER|',1,1439518332,0,0,0,0,0,'','',0,'unapprove',0,0,'218.205.56.219',1439518019),(5,'student@edusoho.com','','mtfcIoX8or85VTT2XPeXO0t6ye1VDu09/nlIS6I4pX8=','4tvb2fx0rsao04gkg848ogwck88c8c8','','','','student','','','import',0,0,'','','',0,1,'|ROLE_USER|',0,0,0,0,0,0,1439518476,'218.205.56.219','v6qnulej0ukblhhfr2rno4bp02',0,'unapprove',0,0,'218.205.56.219',1439518460);





INSERT INTO `user_profile` (`id`, `truename`, `idcard`, `gender`, `iam`, `birthday`, `city`, `mobile`, `qq`, `signature`, `about`, `company`, `job`, `school`, `class`, `weibo`, `weixin`, `site`, `intField1`, `intField2`, `intField3`, `intField4`, `intField5`, `dateField1`, `dateField2`, `dateField3`, `dateField4`, `dateField5`, `floatField1`, `floatField2`, `floatField3`, `floatField4`, `floatField5`, `varcharField1`, `varcharField2`, `varcharField3`, `varcharField4`, `varcharField5`, `varcharField6`, `varcharField7`, `varcharField8`, `varcharField9`, `varcharField10`, `textField1`, `textField2`, `textField3`, `textField4`, `textField5`, `textField6`, `textField7`, `textField8`, `textField9`, `textField10`) VALUES (1,'管理员','','secret','',NULL,'','13812345678','12345678','','<p>Admin</p>\n','','','','','','','',NULL,NULL,NULL,NULL,NULL,NULL,NULL,NULL,NULL,NULL,NULL,NULL,NULL,NULL,NULL,'','','','','','','','','','','','','','','','','','','',''),(2,'','','secret','',NULL,'','','','','','','','','','','','',NULL,NULL,NULL,NULL,NULL,NULL,NULL,NULL,NULL,NULL,NULL,NULL,NULL,NULL,NULL,'','','','','','','','','','','','','','','','','','','',''),(3,'','','secret','',NULL,'','','','','','','','','','','','',NULL,NULL,NULL,NULL,NULL,NULL,NULL,NULL,NULL,NULL,NULL,NULL,NULL,NULL,NULL,'','','','','','','','','','','','','','','','','','','',''),(4,'','','secret','',NULL,'','','','','','','','','','','','',NULL,NULL,NULL,NULL,NULL,NULL,NULL,NULL,NULL,NULL,NULL,NULL,NULL,NULL,NULL,'','','','','','','','','','','','','','','','','','','',''),(5,'','','secret','',NULL,'','','',NULL,NULL,'','','','','','','',NULL,NULL,NULL,NULL,NULL,NULL,NULL,NULL,NULL,NULL,NULL,NULL,NULL,NULL,NULL,'','','','','','','','','','','','','','','','','','','','');



/*!40101 SET SQL_MODE=@OLD_SQL_MODE */;
/*!40014 SET FOREIGN_KEY_CHECKS=@OLD_FOREIGN_KEY_CHECKS */;
/*!40014 SET UNIQUE_CHECKS=@OLD_UNIQUE_CHECKS */;
/*!40111 SET SQL_NOTES=@OLD_SQL_NOTES */;

