insert into `biz_item_category`(`id`, `name`, `bank_id`, `created_user_id`, `updated_user_id`) values (1, 'pl', 1, 1, 1);
insert into `biz_item_category`(`id`, `name`, `bank_id`, `parent_id`, `created_user_id`, `updated_user_id`) values (2, 'c++', 1, 1, 1, 1);
insert into `biz_item_category`(`id`, `name`, `bank_id`, `parent_id`, `created_user_id`, `updated_user_id`) values (3, 'c', 1, 1, 1, 1);
insert into `biz_item_category`(`id`, `name`, `bank_id`, `parent_id`, `created_user_id`, `updated_user_id`) values (4, 'go', 1, 1, 1, 1);
insert into `biz_item_category`(`id`, `name`, `bank_id`, `parent_id`, `created_user_id`, `updated_user_id`) values (5, 'rust', 1, 1, 1, 1);
insert into `biz_item_category`(`id`, `name`, `bank_id`, `created_user_id`, `updated_user_id`) values (6, 'category6', 2, 1, 1);

insert into `biz_item` (`id`, `bank_id`, `type`, `material`, `analysis`, `category_id`, `question_num`, `created_user_id`, `updated_user_id`) values (1, 1, 'choice', '', '', 0, 1, 1, 1);
insert into `biz_item` (`id`, `bank_id`, `type`, `material`, `analysis`, `category_id`, `question_num`, `created_user_id`, `updated_user_id`) values (2, 1, 'choice', '', '', 1, 1, 1, 1);
insert into `biz_item` (`id`, `bank_id`, `type`, `material`, `analysis`, `category_id`, `question_num`, `created_user_id`, `updated_user_id`) values (3, 1, 'fill', '', '', 2, 1, 1, 1);
insert into `biz_item` (`id`, `bank_id`, `type`, `material`, `analysis`, `category_id`, `question_num`, `created_user_id`, `updated_user_id`) values (4, 1, 'determine', '', '', 3, 1, 1, 1);
insert into `biz_item` (`id`, `bank_id`, `type`, `material`, `analysis`, `category_id`, `question_num`, `created_user_id`, `updated_user_id`) values (5, 1, 'essay', '', '', 2, 1, 1, 1);
insert into `biz_item` (`id`, `bank_id`, `type`, `material`, `analysis`, `category_id`, `question_num`, `created_user_id`, `updated_user_id`) values (6, 1, 'single_choice', '', '', 0, 1, 1, 1);
insert into `biz_item` (`id`, `bank_id`, `type`, `material`, `analysis`, `category_id`, `question_num`, `created_user_id`, `updated_user_id`) values (7, 1, 'uncertain_choice', '', '', 0, 1, 1, 1);
insert into `biz_item` (`id`, `bank_id`, `type`, `material`, `analysis`, `category_id`, `question_num`, `created_user_id`, `updated_user_id`) values (8, 1, 'material', '材料', '', 0, 6, 1, 1);

insert into `biz_question` (`id`, `item_id`, `stem`, `seq`, `answer_mode`, `response_points`, `answer`, `analysis`, `created_user_id`, `updated_user_id`) values (1, 1, '多选题', 1, 'choice', '[{"checkbox":{"val":"A","text":"A"}},{"checkbox":{"val":"B","text":"B"}},{"checkbox":{"val":"C","text":"C"}},{"checkbox":{"val":"D","text":"D"}}]', '["B", "D"]', '', 1, 1);
insert into `biz_question` (`id`, `item_id`, `stem`, `seq`, `answer_mode`, `response_points`, `answer`, `analysis`, `created_user_id`, `updated_user_id`) values (3, 3, '诗仙[[]], 号[[]]', 1, 'text', '[{"text":[]},{"text":[]}]', '["李白", "谪仙人|青莲居士"]', '', 1, 1);
insert into `biz_question` (`id`, `item_id`, `stem`, `seq`, `answer_mode`, `response_points`, `answer`, `analysis`, `created_user_id`, `updated_user_id`) values (4, 4, '判断题', 1, 'true_false', '[{"radio":{"val":"T","text":"正确"}},{"radio":{"val":"F","text":"错误"}}]', '["T"]', '', 1, 1);
insert into `biz_question` (`id`, `item_id`, `stem`, `seq`, `answer_mode`, `response_points`, `answer`, `analysis`, `created_user_id`, `updated_user_id`) values (5, 5, '问答题', 1, 'rich_text', '[{"rich_text":[]}]', '["李白"]', '', 1, 1);
insert into `biz_question` (`id`, `item_id`, `stem`, `seq`, `answer_mode`, `response_points`, `answer`, `analysis`, `created_user_id`, `updated_user_id`) values (6, 6, '单选题', 1, 'single_choice', '[{"radio":{"val":"A","text":"A"}},{"radio":{"val":"B","text":"B"}},{"radio":{"val":"C","text":"C"}},{"radio":{"val":"D","text":"D"}}]', '["A"]', '', 1, 1);
insert into `biz_question` (`id`, `item_id`, `stem`, `seq`, `answer_mode`, `response_points`, `answer`, `analysis`, `created_user_id`, `updated_user_id`) values (7, 7, '不定项', 1, 'uncertain_choice', '[{"checkbox":{"val":"A","text":"A"}},{"checkbox":{"val":"B","text":"B"}},{"checkbox":{"val":"C","text":"C"}},{"checkbox":{"val":"D","text":"D"}}]', '["B", "D"]', '', 1, 1);
insert into `biz_question` (`id`, `item_id`, `stem`, `seq`, `answer_mode`, `response_points`, `answer`, `analysis`, `created_user_id`, `updated_user_id`) values (8, 8, '多选题', 1, 'choice', '[{"checkbox":{"val":"A","text":"A"}},{"checkbox":{"val":"B","text":"B"}},{"checkbox":{"val":"C","text":"C"}},{"checkbox":{"val":"D","text":"D"}}]', '["B", "D"]', '', 1, 1);
insert into `biz_question` (`id`, `item_id`, `stem`, `seq`, `answer_mode`, `response_points`, `answer`, `analysis`, `created_user_id`, `updated_user_id`) values (9, 8, '诗仙[[]], 号[[]]', 2, 'text', '[{"text":[]},{"text":[]}]', '["李白", "谪仙人|青莲居士"]', '', 1, 1);
insert into `biz_question` (`id`, `item_id`, `stem`, `seq`, `answer_mode`, `response_points`, `answer`, `analysis`, `created_user_id`, `updated_user_id`) values (10, 8, '判断题', 3, 'true_false', '[{"radio":{"val":"T","text":"正确"}},{"radio":{"val":"F","text":"错误"}}]', '["T"]', '', 1, 1);
insert into `biz_question` (`id`, `item_id`, `stem`, `seq`, `answer_mode`, `response_points`, `answer`, `analysis`, `created_user_id`, `updated_user_id`) values (11, 8, '问答题', 4, 'rich_text', '[{"rich_text":[]}]', '["李白"]', '', 1, 1);
insert into `biz_question` (`id`, `item_id`, `stem`, `seq`, `answer_mode`, `response_points`, `answer`, `analysis`, `created_user_id`, `updated_user_id`) values (12, 8, '单选题', 5, 'single_choice', '[{"radio":{"val":"A","text":"A"}},{"radio":{"val":"B","text":"B"}},{"radio":{"val":"C","text":"C"}},{"radio":{"val":"D","text":"D"}}]', '["A"]', '', 1, 1);
insert into `biz_question` (`id`, `item_id`, `stem`, `seq`, `answer_mode`, `response_points`, `answer`, `analysis`, `created_user_id`, `updated_user_id`) values (13, 8, '不定项', 6, 'uncertain_choice', '[{"checkbox":{"val":"A","text":"A"}},{"checkbox":{"val":"B","text":"B"}},{"checkbox":{"val":"C","text":"C"}},{"checkbox":{"val":"D","text":"D"}}]', '["B", "D"]', '', 1, 1);
